CASE#,latitude,longitude,DATE OF OCCURRENCE,PRIMARY DESCRIPTION
JG497095,41.92740733,-87.70729439,11/08/2023 08:50:00 PM,THEFT
JG496991,41.8966717,-87.62863532,11/08/2023 03:14:00 PM,ASSAULT
JG497145,41.80852516,-87.6727929,11/08/2023 10:55:00 PM,ASSAULT
JH179051,41.76624691,-87.62493262,03/07/2024 02:15:00 PM,THEFT
JH178785,41.7533479,-87.65017872,03/07/2024 04:53:00 AM,THEFT
JG496701,41.97950509,-87.6931581,11/08/2023 04:39:00 PM,OTHER OFFENSE
JH179441,41.91813938,-87.6512862,03/07/2024 05:00:00 PM,DECEPTIVE PRACTICE
JG484195,41.77189095,-87.63870566,10/28/2023 07:30:00 PM,THEFT
JH178514,41.79398247,-87.7084698,03/07/2024 02:25:00 AM,OTHER OFFENSE
JH180086,41.7478292,-87.64881172,03/07/2024 09:00:00 PM,MOTOR VEHICLE THEFT
JH178989,41.76391741,-87.65408395,03/07/2024 12:37:00 PM,NARCOTICS
JH179292,41.78183233,-87.59623594,03/07/2024 10:00:00 AM,CRIMINAL DAMAGE
JH179453,41.93949309,-87.7452213,03/07/2024 06:52:00 PM,BATTERY
JG483131,41.98561186,-87.71383434,10/28/2023 05:00:00 PM,CRIMINAL DAMAGE
JH179562,41.92447687,-87.72731307,03/07/2024 09:29:00 PM,OTHER OFFENSE
JH179442,41.89843827,-87.65170158,03/07/2024 06:30:00 PM,CRIMINAL DAMAGE
JG498494,41.73305389,-87.56833066,11/08/2023 08:25:00 AM,ASSAULT
JG496575,41.94958661,-87.66408569,11/08/2023 02:38:00 PM,THEFT
JH178837,41.90185847,-87.71896811,03/07/2024 03:03:00 AM,THEFT
JH179359,41.93467801,-87.65392891,03/07/2024 05:39:00 PM,NARCOTICS
JG427641,41.7043884,-87.62687912,09/17/2023 03:00:00 AM,THEFT
JG365961,41.88194442,-87.63419529,08/02/2023 09:25:00 AM,ASSAULT
JG496115,41.75548156,-87.64901995,11/08/2023 09:00:00 AM,THEFT
JG496955,41.97043339,-87.763029,11/08/2023 07:45:00 PM,ROBBERY
JH156004,41.75531584,-87.65022382,02/17/2024 03:53:00 PM,BATTERY
JG541270,41.76305278,-87.58052108,12/14/2023 06:37:00 PM,BATTERY
JG501047,41.80226963,-87.60537257,11/08/2023 03:00:00 PM,BURGLARY
JG496779,41.72130336,-87.6558736,11/08/2023 01:00:00 PM,ASSAULT
JG496296,41.88449753,-87.6258386,11/08/2023 11:00:00 AM,THEFT
JG504330,41.77843641,-87.5896572,11/05/2023 06:00:00 PM,OFFENSE INVOLVING CHILDREN
JG496568,41.8382197,-87.70485067,11/08/2023 01:49:00 PM,ASSAULT
JG496295,41.70319162,-87.65136906,11/08/2023 11:30:00 AM,ROBBERY
JG488191,41.88396972,-87.64419128,10/28/2023 09:00:00 AM,MOTOR VEHICLE THEFT
JG482122,41.88427684,-87.62209893,10/28/2023 12:10:00 PM,ROBBERY
JG481621,41.87493626,-87.74817081,10/28/2023 01:30:00 AM,CRIMINAL DAMAGE
JG499040,41.95417672,-87.67723206,11/08/2023 06:30:00 PM,CRIMINAL TRESPASS
JG497052,41.9480441,-87.66403933,11/08/2023 09:01:00 PM,BURGLARY
JG498785,41.97648999,-87.78848302,11/08/2023 10:40:00 PM,THEFT
JG496372,41.82808053,-87.68623368,11/08/2023 12:02:00 PM,BURGLARY
JG481891,41.99304397,-87.66036036,10/28/2023 09:15:00 AM,THEFT
JG482300,41.85844449,-87.7164141,10/28/2023 02:29:00 PM,OTHER OFFENSE
JG482034,41.87987407,-87.76975067,10/28/2023 02:00:00 AM,THEFT
JG406115,41.77129623,-87.72914931,08/31/2023 07:00:00 PM,BATTERY
JG416492,41.87567932,-87.62657476,09/08/2023 08:00:00 AM,DECEPTIVE PRACTICE
JG405111,41.82539977,-87.63702687,08/31/2023 10:52:00 AM,BATTERY
JG484000,41.93743245,-87.64918049,10/28/2023 07:41:00 AM,THEFT
JG482660,41.68079954,-87.66994216,10/28/2023 10:40:00 PM,ASSAULT
JG464444,41.89187443,-87.64761747,10/15/2023 02:30:00 AM,ROBBERY
JG483104,41.90282155,-87.77538963,10/28/2023 04:00:00 PM,THEFT
JG412467,41.7246543,-87.62228328,08/31/2023 09:13:00 PM,MOTOR VEHICLE THEFT
JG453780,41.77378082,-87.64584867,09/29/2023 12:00:00 AM,THEFT
JG445684,41.84128975,-87.62814236,09/30/2023 11:45:00 PM,BATTERY
JG495860,41.77615028,-87.61552262,11/08/2023 03:00:00 AM,CRIMINAL DAMAGE
JG497647,41.83606971,-87.61303335,11/08/2023 03:00:00 PM,MOTOR VEHICLE THEFT
JG445669,41.74974473,-87.65250733,09/30/2023 09:30:00 PM,ASSAULT
JG445052,41.94665304,-87.70087546,09/30/2023 10:01:00 AM,THEFT
JH124892,41.76697101,-87.58000608,01/12/2024 12:00:00 AM,ASSAULT
JG481737,41.89040009,-87.62802114,10/28/2023 03:34:00 AM,BATTERY
JG503521,41.79384219,-87.62028692,11/13/2023 09:30:00 AM,BURGLARY
JG468840,41.72090041,-87.55459938,10/15/2023 03:00:00 AM,CRIMINAL DAMAGE
JG465660,41.74226749,-87.70219262,10/15/2023 08:00:00 PM,THEFT
JG464615,41.76629898,-87.57007654,10/15/2023 11:01:00 AM,MOTOR VEHICLE THEFT
JG466183,41.86241511,-87.6268163,10/15/2023 07:30:00 PM,THEFT
JG487751,41.79310516,-87.70110374,10/28/2023 08:20:00 AM,CRIMINAL DAMAGE
JG495819,41.96534173,-87.66137267,11/08/2023 12:30:00 AM,THEFT
JG497384,41.98836847,-87.65533355,11/08/2023 11:58:00 AM,DECEPTIVE PRACTICE
JG496313,41.75459296,-87.74152854,11/08/2023 11:26:00 AM,THEFT
JG495842,41.7099165,-87.62215272,11/08/2023 01:55:00 AM,BATTERY
JG464163,41.7682417,-87.63474208,10/15/2023 06:20:00 AM,ASSAULT
JG503774,41.89913246,-87.62894987,10/23/2023 09:00:00 AM,PUBLIC PEACE VIOLATION
JG496280,41.87927231,-87.64294185,11/08/2023 11:27:00 AM,BATTERY
JG504166,41.98833006,-87.65533396,11/02/2023 12:00:00 PM,DECEPTIVE PRACTICE
JG497025,41.90447918,-87.66822679,11/08/2023 08:40:00 PM,THEFT
JG492993,41.74970762,-87.64765206,11/05/2023 10:04:00 PM,BATTERY
JG496864,41.89417373,-87.62140147,11/08/2023 06:29:00 PM,BATTERY
JG497805,41.73593111,-87.65364248,11/08/2023 06:30:00 PM,THEFT
JG496370,41.80200727,-87.62219526,11/08/2023 12:30:00 PM,CRIMINAL DAMAGE
JG496816,41.72753898,-87.55948675,11/08/2023 05:07:00 PM,WEAPONS VIOLATION
JG496345,41.94052259,-87.79334702,11/08/2023 11:44:00 AM,MOTOR VEHICLE THEFT
JG503603,42.01136307,-87.69081863,11/01/2023 09:00:00 PM,MOTOR VEHICLE THEFT
JG496852,41.97536867,-87.7458512,11/08/2023 06:00:00 PM,THEFT
JG496206,41.84920583,-87.69901377,11/08/2023 01:00:00 AM,MOTOR VEHICLE THEFT
JG496112,41.73505057,-87.65696385,11/08/2023 08:00:00 AM,BATTERY
JG496476,41.89598287,-87.62818377,11/08/2023 01:23:00 PM,BATTERY
JG497261,41.84685952,-87.61732389,11/08/2023 10:00:00 PM,CRIMINAL DAMAGE
JG464542,41.88555738,-87.65364901,10/15/2023 12:43:00 PM,THEFT
JG497091,41.77010911,-87.64817167,11/08/2023 10:20:00 PM,WEAPONS VIOLATION
JG496823,41.75299677,-87.56504476,11/08/2023 03:20:00 PM,BATTERY
JG496873,41.75903097,-87.66363196,11/08/2023 02:30:00 PM,ASSAULT
JG497008,41.99579611,-87.69786919,11/08/2023 10:52:00 AM,OTHER OFFENSE
JG496713,41.87667195,-87.75384276,11/08/2023 02:00:00 PM,THEFT
JG498486,41.90674021,-87.73503014,11/08/2023 06:28:00 PM,DECEPTIVE PRACTICE
JG503574,41.93985882,-87.71864391,09/18/2023 08:00:00 AM,DECEPTIVE PRACTICE
JG484637,41.98091941,-87.65511099,10/28/2023 03:00:00 PM,DECEPTIVE PRACTICE
JG497128,41.78619634,-87.66074228,11/08/2023 11:06:00 PM,BATTERY
JG497060,41.6941817,-87.64213476,11/08/2023 08:45:00 PM,MOTOR VEHICLE THEFT
JG497454,41.87407712,-87.70102236,11/08/2023 06:00:00 PM,ROBBERY
JG496676,41.9627377,-87.65071149,11/08/2023 04:18:00 PM,BATTERY
JG455733,41.8115407,-87.66749075,09/23/2023 02:59:00 PM,OFFENSE INVOLVING CHILDREN
JH117454,41.9953237,-87.65697401,01/16/2024 11:00:00 AM,ASSAULT
JH116869,41.9031259,-87.63218266,01/16/2024 03:20:00 AM,ASSAULT
JH117119,41.77899658,-87.61559721,01/16/2024 11:30:00 AM,BATTERY
JH117115,41.77340664,-87.64340011,01/16/2024 10:09:00 AM,NARCOTICS
JH125131,41.78186694,-87.59138113,09/09/2023 09:00:00 AM,DECEPTIVE PRACTICE
JG561305,41.9031655,-87.62923615,12/31/2023 09:40:00 PM,WEAPONS VIOLATION
JH118113,41.97293566,-87.67427783,01/16/2024 04:00:00 PM,MOTOR VEHICLE THEFT
JH117721,41.8804876,-87.74596464,01/16/2024 07:10:00 PM,NARCOTICS
JH123921,41.80929706,-87.59196703,01/15/2024 11:14:00 AM,THEFT
JH117339,41.88058694,-87.70611017,01/16/2024 12:30:00 PM,THEFT
JH117164,41.79047866,-87.61911776,01/16/2024 11:53:00 AM,CRIMINAL DAMAGE
JH119457,41.7620427,-87.68684264,01/16/2024 01:18:00 AM,OTHER OFFENSE
JH116923,41.7564537,-87.62246015,01/16/2024 07:14:00 AM,BATTERY
JH125028,41.86621677,-87.62162362,11/27/2023 09:00:00 AM,THEFT
JH117084,41.78528946,-87.60603402,01/16/2024 10:21:00 AM,THEFT
JH117709,41.90347807,-87.6314331,01/16/2024 06:46:00 PM,THEFT
JH118102,41.80046498,-87.7233704,01/16/2024 11:00:00 PM,CRIMINAL DAMAGE
JG508041,41.95801158,-87.70692508,11/13/2023 05:30:00 PM,BATTERY
JH117529,41.77206602,-87.61058618,01/16/2024 03:53:00 PM,WEAPONS VIOLATION
JH117408,41.7300461,-87.553628,01/16/2024 02:55:00 PM,BATTERY
JH125149,41.91260283,-87.68514919,01/07/2024 04:30:00 AM,THEFT
JH125271,41.88239406,-87.6278448,01/15/2024 06:52:00 PM,THEFT
JH117522,41.93667014,-87.66370988,01/16/2024 03:00:00 PM,DECEPTIVE PRACTICE
JH117720,41.94813137,-87.6495109,01/16/2024 06:45:00 PM,THEFT
JH117769,41.86474852,-87.7129356,01/16/2024 08:12:00 PM,NARCOTICS
JH117685,41.96341572,-87.7254514,01/16/2024 05:26:00 PM,BATTERY
JH116989,41.89500328,-87.62152816,01/16/2024 08:45:00 AM,ASSAULT
JH124224,41.89599647,-87.62548764,12/26/2023 04:00:00 PM,THEFT
JH117406,41.97810845,-87.90412276,01/16/2024 02:50:00 PM,BATTERY
JH117014,41.71933214,-87.61771202,01/16/2024 09:00:00 AM,DECEPTIVE PRACTICE
JH116868,41.7245358,-87.55731754,01/16/2024 03:08:00 AM,WEAPONS VIOLATION
JH117402,41.90544222,-87.72459469,01/16/2024 02:31:00 PM,BATTERY
JH117120,41.86442566,-87.7187282,01/16/2024 11:06:00 AM,BATTERY
JH117815,41.90769892,-87.75503906,01/16/2024 08:41:00 PM,OTHER OFFENSE
JH116848,41.76501915,-87.62654429,01/16/2024 01:28:00 AM,WEAPONS VIOLATION
JH117856,41.84099578,-87.64025977,01/16/2024 10:30:00 AM,BURGLARY
JH117871,41.74477054,-87.61353806,01/16/2024 08:46:00 PM,MOTOR VEHICLE THEFT
JH116979,41.89986321,-87.70173409,01/16/2024 08:51:00 AM,BATTERY
JH119079,41.72621915,-87.56729444,01/16/2024 10:00:00 PM,CRIMINAL SEXUAL ASSAULT
JH125422,42.01310923,-87.66360415,12/20/2023 12:00:00 PM,BATTERY
JH117842,41.87701095,-87.73171271,01/16/2024 09:46:00 PM,NARCOTICS
JH118133,41.76740723,-87.62129819,01/16/2024 01:00:00 PM,CRIMINAL DAMAGE
JH123599,41.81197528,-87.61966767,01/16/2024 10:00:00 AM,MOTOR VEHICLE THEFT
JH117228,41.6831947,-87.64739222,01/16/2024 12:18:00 PM,ASSAULT
JH116991,41.84645533,-87.69491567,01/16/2024 07:00:00 AM,ASSAULT
JH117144,41.75607974,-87.64578839,01/16/2024 11:00:00 AM,WEAPONS VIOLATION
JH116911,41.99810367,-87.66826445,01/16/2024 06:30:00 AM,CRIMINAL DAMAGE
JH124718,41.97755892,-87.79753207,11/17/2023 12:00:00 AM,DECEPTIVE PRACTICE
JH117640,41.90077567,-87.62662133,01/16/2024 03:50:00 PM,THEFT
JH117711,41.75716609,-87.67333081,01/16/2024 06:52:00 PM,BATTERY
JH119407,41.87380752,-87.69445629,01/16/2024 12:40:00 AM,ASSAULT
JH117501,41.86693762,-87.6241415,01/16/2024 03:50:00 PM,ASSAULT
JH117999,41.74588481,-87.68645876,01/16/2024 05:00:00 PM,CRIMINAL DAMAGE
JG552897,41.74139618,-87.71353813,12/24/2023 03:32:00 AM,ARSON
JH117458,41.88449753,-87.6258386,01/16/2024 02:30:00 PM,THEFT
JH117003,41.87531845,-87.72145849,01/16/2024 12:30:00 AM,CRIMINAL DAMAGE
JH116955,41.85013779,-87.67158317,01/16/2024 08:15:00 AM,OTHER OFFENSE
JH117137,41.70779351,-87.62011793,01/16/2024 10:52:00 AM,OTHER OFFENSE
JH120893,41.91975092,-87.70528219,01/17/2024 12:00:00 AM,MOTOR VEHICLE THEFT
JH102156,41.9354416,-87.64988537,12/31/2023 10:11:00 AM,MOTOR VEHICLE THEFT
JH100013,41.84270907,-87.62689001,12/31/2023 11:15:00 PM,BATTERY
JH123685,41.88153719,-87.63086908,07/12/2023 12:00:00 PM,DECEPTIVE PRACTICE
JH124286,41.89925873,-87.69960593,12/17/2023 04:00:00 PM,THEFT
JH123903,41.68559133,-87.68342037,01/09/2024 02:00:00 PM,DECEPTIVE PRACTICE
JH117867,41.75090596,-87.55409389,01/16/2024 11:06:00 PM,WEAPONS VIOLATION
JH125330,41.90092518,-87.66018245,12/23/2023 06:00:00 PM,THEFT
JH117807,41.75488246,-87.56386782,01/16/2024 08:34:00 PM,THEFT
JH117166,41.91406684,-87.71270805,01/16/2024 04:15:00 AM,MOTOR VEHICLE THEFT
JH125449,42.0047909,-87.67057528,04/01/2023 12:00:00 AM,THEFT
JH120411,41.80110851,-87.68698558,01/16/2024 04:50:00 PM,BATTERY
JH117009,41.9845067,-87.65521637,01/16/2024 07:30:00 AM,BATTERY
JH119371,41.75563503,-87.73239313,01/16/2024 03:00:00 PM,DECEPTIVE PRACTICE
JH117494,41.89119945,-87.62413763,01/16/2024 03:00:00 PM,DECEPTIVE PRACTICE
JH125777,41.99491395,-87.88193767,12/23/2023 02:13:00 PM,DECEPTIVE PRACTICE
JH118386,41.74810302,-87.64274764,01/17/2024 12:00:00 AM,INTERFERENCE WITH PUBLIC OFFICER
JH117241,41.75605723,-87.65492916,01/16/2024 11:06:00 AM,OTHER OFFENSE
JH117186,41.86925059,-87.66714921,01/16/2024 11:55:00 AM,THEFT
JH118292,41.98003985,-87.65580073,01/16/2024 04:00:00 PM,OTHER OFFENSE
JH118253,41.68254726,-87.63602855,01/16/2024 08:00:00 PM,DECEPTIVE PRACTICE
JH117220,41.91201218,-87.6331582,01/16/2024 11:30:00 AM,THEFT
JH117540,41.81603914,-87.62625873,01/16/2024 03:00:00 AM,MOTOR VEHICLE THEFT
JH117298,41.93184397,-87.72295087,01/16/2024 01:00:00 AM,THEFT
JH117845,41.91943855,-87.72784943,01/16/2024 08:30:00 PM,MOTOR VEHICLE THEFT
JH117225,41.79458389,-87.62930735,01/16/2024 12:26:00 PM,CRIMINAL DAMAGE
JH117486,41.90957326,-87.75016172,01/16/2024 03:30:00 PM,THEFT
JH117651,41.79393801,-87.64545361,01/16/2024 05:47:00 PM,MOTOR VEHICLE THEFT
JH123761,41.77982116,-87.60837262,01/10/2024 03:30:00 PM,THEFT
JG560934,41.9765664,-87.7769493,12/31/2023 02:45:00 PM,CRIMINAL DAMAGE
JG496038,41.76303379,-87.60915908,11/08/2023 07:10:00 AM,ASSAULT
JH117642,41.98795129,-87.65532326,01/16/2024 06:00:00 PM,THEFT
JH117188,41.90434894,-87.63293704,01/16/2024 11:40:00 AM,BATTERY
JH118820,41.8028319,-87.59671417,01/16/2024 12:15:00 PM,THEFT
JH117861,41.84490104,-87.69769837,01/16/2024 11:03:00 PM,BATTERY
JH117606,41.90462682,-87.71020232,01/16/2024 01:00:00 AM,MOTOR VEHICLE THEFT
JH125102,41.76417899,-87.72423104,01/13/2024 06:40:00 AM,BATTERY
JH124875,41.68987332,-87.62237719,01/01/2024 12:00:00 AM,CRIMINAL DAMAGE
JH125246,41.75287891,-87.58334095,12/08/2023 01:00:00 AM,ROBBERY
JH118269,41.69431247,-87.63111224,01/16/2024 04:00:00 PM,THEFT
JH118211,41.98367541,-87.65711202,01/16/2024 09:00:00 PM,MOTOR VEHICLE THEFT
JH124713,41.97828306,-87.75668476,11/22/2023 02:15:00 PM,THEFT
JH120340,41.80614551,-87.68379893,01/16/2024 08:21:00 PM,DECEPTIVE PRACTICE
JH124366,41.88633546,-87.6360424,12/18/2023 02:20:00 PM,THEFT
JH118149,41.804823,-87.61647172,01/16/2024 06:30:00 PM,CRIMINAL DAMAGE
JH118697,41.9144727,-87.69711139,01/16/2024 06:00:00 PM,THEFT
JH125251,41.74013014,-87.56484273,01/16/2024 06:36:00 PM,OFFENSE INVOLVING CHILDREN
JH125185,41.7884512,-87.62230476,01/10/2024 04:30:00 PM,DECEPTIVE PRACTICE
JH125402,41.89788767,-87.62823261,10/17/2023 03:15:00 PM,DECEPTIVE PRACTICE
JG496009,41.73787976,-87.60485812,11/08/2023 06:01:00 AM,BURGLARY
JG502506,41.98457158,-87.76747472,11/08/2023 11:50:00 AM,DECEPTIVE PRACTICE
JG497722,41.88372908,-87.67425529,11/08/2023 03:40:00 PM,THEFT
JG482035,41.88252954,-87.62622386,10/28/2023 11:29:00 AM,BATTERY
JG497168,41.96078608,-87.78069715,11/08/2023 12:04:00 AM,ASSAULT
JG481938,41.84537549,-87.64297242,10/28/2023 10:10:00 AM,INTIMIDATION
JG481620,41.70977307,-87.64777263,10/28/2023 01:55:00 AM,MOTOR VEHICLE THEFT
JG496026,41.87412582,-87.74370601,11/08/2023 08:00:00 AM,BATTERY
JG497029,41.72007574,-87.56787289,11/08/2023 08:30:00 PM,BATTERY
JG496665,41.92448285,-87.68519432,11/08/2023 02:00:00 PM,BATTERY
JG504018,41.90209473,-87.63499303,09/18/2023 11:00:00 PM,THEFT
JG560417,41.78629171,-87.66438601,12/31/2023 01:30:00 AM,CRIMINAL DAMAGE
JH101143,41.99841365,-87.68503326,01/01/2024 12:00:00 AM,ASSAULT
JG560846,41.85623274,-87.69435226,12/31/2023 05:07:00 AM,MOTOR VEHICLE THEFT
JG560869,41.9635217,-87.70587468,12/31/2023 11:31:00 AM,OTHER OFFENSE
JH103003,41.90654343,-87.67979927,12/31/2023 03:25:00 AM,DECEPTIVE PRACTICE
JH100524,41.72777361,-87.66039953,01/01/2024 12:00:00 AM,CRIMINAL DAMAGE
JH106797,41.92696001,-87.71082655,12/30/2023 08:00:00 PM,THEFT
JG560490,41.75710088,-87.63445976,12/31/2023 04:15:00 AM,OTHER OFFENSE
JH101600,41.91811751,-87.73025387,12/31/2023 02:22:00 PM,CRIMINAL DAMAGE
JG560787,41.87610374,-87.73140543,12/31/2023 12:10:00 PM,BATTERY
JG560652,41.95847732,-87.70327334,12/31/2023 09:24:00 AM,BATTERY
JG560925,41.9917018,-87.67402909,12/31/2023 02:00:00 PM,MOTOR VEHICLE THEFT
JH101319,41.87102983,-87.67636841,12/31/2023 10:00:00 PM,BATTERY
JG561185,41.86829986,-87.69892051,12/31/2023 07:11:00 PM,NARCOTICS
JH101216,41.94398549,-87.6687794,12/31/2023 12:20:00 AM,CRIMINAL SEXUAL ASSAULT
JG560961,41.97418428,-87.6577567,12/31/2023 03:35:00 PM,BATTERY
JG561210,41.90756481,-87.68960856,12/31/2023 07:50:00 PM,CRIMINAL DAMAGE
JG561277,41.65534469,-87.59676878,12/31/2023 09:20:00 PM,BATTERY
JH100564,41.87380752,-87.69445629,12/31/2023 09:00:00 PM,THEFT
JG560592,41.8127004,-87.60663739,12/31/2023 05:40:00 AM,BURGLARY
JH100722,41.78047885,-87.66666827,12/31/2023 09:00:00 AM,CRIMINAL DAMAGE
JH101971,41.85519055,-87.6238712,12/31/2023 10:00:00 AM,OTHER OFFENSE
JG495879,41.78453439,-87.69656799,11/08/2023 04:35:00 AM,BATTERY
JG496839,41.83404223,-87.67436899,11/08/2023 06:03:00 PM,CRIMINAL DAMAGE
JG560448,41.96522098,-87.7181575,12/31/2023 02:20:00 AM,BATTERY
JH117638,41.98537999,-87.70952949,01/16/2024 12:35:00 PM,THEFT
JG485356,41.87290396,-87.63359254,10/28/2023 03:00:00 PM,DECEPTIVE PRACTICE
JG465264,41.84626982,-87.64842399,10/16/2023 12:00:00 AM,CRIMINAL DAMAGE
JG496881,41.95447566,-87.65547231,11/08/2023 06:23:00 PM,NARCOTICS
JG561317,41.85362274,-87.62551459,12/31/2023 09:55:00 PM,CRIMINAL DAMAGE
JG561294,41.87594605,-87.74332577,12/31/2023 10:22:00 PM,WEAPONS VIOLATION
JH117255,41.95858647,-87.77246586,01/16/2024 12:45:00 AM,CRIMINAL DAMAGE
JH101287,41.88674907,-87.65145126,12/31/2023 01:00:00 AM,THEFT
JH100019,41.88312709,-87.76495915,12/31/2023 10:30:00 PM,CRIMINAL DAMAGE
JG561297,41.91004171,-87.71283154,12/31/2023 10:16:00 PM,WEAPONS VIOLATION
JH124830,41.70754376,-87.54133847,07/01/2023 10:00:00 AM,OFFENSE INVOLVING CHILDREN
JG560985,41.90311609,-87.75942607,12/31/2023 03:54:00 PM,BATTERY
JG561348,41.87950122,-87.62688517,12/31/2023 11:00:00 PM,BATTERY
JG560697,41.78528946,-87.60603402,12/31/2023 10:30:00 AM,THEFT
JG561120,41.81202108,-87.6877049,12/31/2023 05:36:00 PM,ASSAULT
JG560988,41.82766724,-87.69230286,12/31/2023 03:00:00 AM,CRIMINAL DAMAGE
JG561092,41.77907188,-87.69632139,12/31/2023 04:52:00 PM,OTHER OFFENSE
JG561184,41.87836511,-87.64725518,12/31/2023 06:57:00 PM,ROBBERY
JG496595,41.98610706,-87.65809411,11/08/2023 11:40:00 AM,THEFT
JG375305,41.8654684,-87.77345669,08/08/2023 07:15:00 PM,BATTERY
JG484693,41.93355269,-87.75894013,10/28/2023 10:00:00 PM,ASSAULT
JG561298,41.81470887,-87.62414572,12/31/2023 10:00:00 AM,CRIMINAL DAMAGE
JG560677,41.89546819,-87.71558411,12/31/2023 10:15:00 AM,NARCOTICS
JG561301,41.96846289,-87.65967044,12/31/2023 10:28:00 PM,CRIMINAL TRESPASS
JG560705,41.7334102,-87.64232618,12/31/2023 10:45:00 AM,ASSAULT
JG484077,41.94500658,-87.65474557,10/28/2023 10:30:00 PM,THEFT
JH106617,41.87285759,-87.62915032,12/25/2023 04:15:00 AM,CRIMINAL TRESPASS
JG497756,41.79200371,-87.6159105,11/08/2023 10:00:00 AM,MOTOR VEHICLE THEFT
JH105680,41.93768404,-87.64261723,12/31/2023 08:30:00 PM,THEFT
JH101742,41.91177063,-87.65184999,12/31/2023 03:24:00 PM,THEFT
JG561191,41.74226749,-87.70219262,12/31/2023 07:28:00 PM,THEFT
JG204934,41.87562563,-87.6294504,03/30/2023 02:16:00 PM,CRIMINAL DAMAGE
JG503862,41.76505517,-87.61685226,10/18/2023 02:53:00 AM,OTHER OFFENSE
JG560454,41.89771444,-87.74943216,12/31/2023 02:27:00 AM,ASSAULT
JG560653,41.8902216,-87.63699543,12/31/2023 09:30:00 AM,THEFT
JH100500,41.7867998,-87.62063997,12/31/2023 10:00:00 PM,CRIMINAL DAMAGE
JH101776,41.84986793,-87.71169568,12/31/2023 10:00:00 PM,THEFT
JG560636,41.87367466,-87.75482081,12/31/2023 05:40:00 AM,CRIMINAL DAMAGE
JG560906,41.85859482,-87.62721443,12/31/2023 02:36:00 PM,CRIMINAL TRESPASS
JG561245,41.88649329,-87.70024257,12/31/2023 08:46:00 PM,ROBBERY
JH100993,41.90482759,-87.72305765,12/31/2023 05:00:00 PM,MOTOR VEHICLE THEFT
JG561188,41.87287193,-87.69696235,12/31/2023 07:10:00 PM,ASSAULT
JG561090,41.89875558,-87.62656646,12/31/2023 03:12:00 PM,THEFT
JG560591,41.75224733,-87.59429136,12/31/2023 08:00:00 AM,CRIMINAL DAMAGE
JH105292,41.81706486,-87.6230412,12/01/2023 12:00:00 AM,DECEPTIVE PRACTICE
JG557659,41.77329659,-87.66282004,12/28/2023 04:54:00 PM,BATTERY
JG561138,41.78232478,-87.6861733,12/31/2023 05:10:00 PM,ROBBERY
JH100333,41.97115535,-87.77705891,12/31/2023 03:00:00 PM,THEFT
JG560926,41.74935879,-87.66341734,12/31/2023 02:45:00 PM,ASSAULT
JH102138,41.93178074,-87.72759307,12/31/2023 05:50:00 PM,THEFT
JG560910,41.81398989,-87.61971867,12/31/2023 01:00:00 PM,NARCOTICS
JG556439,41.91331049,-87.70033401,12/27/2023 03:20:00 PM,OTHER OFFENSE
JH100760,41.70802939,-87.56929028,12/31/2023 02:16:00 AM,OTHER OFFENSE
JG497362,41.89613906,-87.66296911,11/08/2023 08:00:00 PM,MOTOR VEHICLE THEFT
JG481594,41.89656104,-87.63658498,10/28/2023 12:33:00 AM,BATTERY
JG498889,41.71195631,-87.6139006,11/08/2023 10:00:00 PM,BATTERY
JG484691,41.94670237,-87.65611708,10/28/2023 02:00:00 AM,THEFT
JG503598,41.85575037,-87.6427801,10/28/2023 12:00:00 AM,ASSAULT
JG504248,41.87205613,-87.68748662,11/05/2023 12:50:00 PM,OTHER OFFENSE
JG483124,41.89001377,-87.63170539,10/28/2023 11:30:00 PM,THEFT
JG502071,41.78939856,-87.69977973,11/07/2023 06:00:00 PM,OTHER OFFENSE
JG497463,41.96224876,-87.67602415,11/08/2023 05:30:00 PM,CRIMINAL DAMAGE
JG560881,41.89174292,-87.72045703,12/31/2023 01:30:00 PM,NARCOTICS
JG560395,41.94041781,-87.76537323,12/31/2023 12:51:00 AM,WEAPONS VIOLATION
JG561228,41.88447463,-87.65015707,12/31/2023 07:00:00 PM,THEFT
JG560459,41.87650609,-87.74927275,12/31/2023 02:50:00 AM,CRIMINAL DAMAGE
JG560684,41.96170182,-87.71438221,12/31/2023 09:45:00 AM,OTHER OFFENSE
JG561293,41.9756593,-87.71650511,12/31/2023 09:45:00 PM,ROBBERY
JG561057,41.88899385,-87.62693483,12/31/2023 04:30:00 PM,BATTERY
JG560564,41.82498749,-87.70447012,12/31/2023 06:30:00 AM,CRIMINAL DAMAGE
JG560676,41.72564016,-87.55667417,12/31/2023 10:14:00 AM,THEFT
JG561137,41.90154623,-87.76380403,12/31/2023 06:10:00 PM,ASSAULT
JH101689,41.68894712,-87.68966555,12/31/2023 11:30:00 AM,OTHER OFFENSE
JG561296,41.90995935,-87.6385554,12/31/2023 10:34:00 PM,BATTERY
JG560837,41.7796184,-87.65376796,12/31/2023 12:45:00 PM,THEFT
JH100006,41.80020097,-87.6915351,12/31/2023 11:50:00 PM,BATTERY
JG561321,41.85223404,-87.72720266,12/31/2023 10:39:00 PM,WEAPONS VIOLATION
JH106804,41.96352804,-87.67754793,12/21/2023 08:00:00 PM,THEFT
JH100004,41.93916531,-87.7213594,12/31/2023 11:48:00 PM,LIQUOR LAW VIOLATION
JH100757,41.74691557,-87.58418723,12/31/2023 11:00:00 PM,CRIMINAL DAMAGE
JH100105,41.86580231,-87.70686781,12/31/2023 08:56:00 PM,BATTERY
JG561290,41.68228571,-87.61670958,12/31/2023 10:15:00 PM,ASSAULT
JG560582,41.70513994,-87.61005081,12/31/2023 12:30:00 AM,CRIMINAL DAMAGE
JG561020,41.87913696,-87.62611071,12/31/2023 10:30:00 AM,MOTOR VEHICLE THEFT
JG560942,41.89274876,-87.71867344,12/31/2023 03:00:00 AM,CRIMINAL DAMAGE
JG465158,41.74681123,-87.65671583,10/15/2023 08:00:00 PM,ASSAULT
JG497318,41.86403585,-87.65904234,11/08/2023 09:00:00 AM,OTHER OFFENSE
JG498746,41.70657349,-87.66979812,11/08/2023 03:38:00 PM,THEFT
JG496329,41.76577794,-87.61131656,11/08/2023 09:30:00 AM,SEX OFFENSE
JG502258,41.97618213,-87.87642115,11/08/2023 01:00:00 PM,THEFT
JG496449,41.86613052,-87.72815812,11/08/2023 01:30:00 PM,ROBBERY
JG560391,41.85749568,-87.6626864,12/31/2023 12:45:00 AM,BATTERY
JG561339,41.72491255,-87.63260343,12/31/2023 11:39:00 PM,BATTERY
JG560373,41.75666942,-87.56147519,12/31/2023 12:27:00 AM,CRIMINAL DAMAGE
JG561029,41.8766104,-87.75852498,12/31/2023 04:05:00 PM,BATTERY
JG560666,41.79252297,-87.70352974,12/31/2023 09:50:00 AM,BATTERY
JH102550,41.93269085,-87.65063138,12/31/2023 12:35:00 PM,DECEPTIVE PRACTICE
JH101641,41.79227733,-87.62240183,12/31/2023 12:00:00 PM,ASSAULT
JH100824,41.75476466,-87.56144304,12/31/2023 11:00:00 PM,MOTOR VEHICLE THEFT
JG540909,41.92962728,-87.78565907,12/14/2023 11:20:00 AM,THEFT
JG375318,41.78521177,-87.71151398,08/07/2023 12:01:00 AM,CRIMINAL SEXUAL ASSAULT
JH100391,41.87092449,-87.7091419,12/31/2023 09:30:00 PM,MOTOR VEHICLE THEFT
JG541262,41.80980337,-87.64556634,12/14/2023 06:56:00 PM,THEFT
JG541330,41.75389713,-87.61821877,12/14/2023 07:57:00 PM,BATTERY
JG541647,41.92485636,-87.73901328,12/14/2023 10:30:00 PM,MOTOR VEHICLE THEFT
JG541274,41.68157052,-87.61952899,12/14/2023 06:35:00 PM,ASSAULT
JG542315,41.82507631,-87.61920666,12/14/2023 10:00:00 AM,BATTERY
JG540305,41.88195017,-87.63333594,12/14/2023 04:38:00 AM,THEFT
JG540267,41.96226752,-87.7356912,12/14/2023 02:16:00 AM,THEFT
JG541267,41.9810519,-87.66837572,12/14/2023 06:02:00 PM,THEFT
JG513332,41.79181168,-87.69696168,11/21/2023 11:30:00 AM,MOTOR VEHICLE THEFT
JG541051,41.87376163,-87.69954577,12/14/2023 04:22:00 PM,BATTERY
JG513204,41.95079656,-87.7367174,11/21/2023 01:44:00 PM,THEFT
JG513182,41.93158252,-87.74274717,11/21/2023 04:45:00 PM,DECEPTIVE PRACTICE
JG519599,41.94166984,-87.82649154,11/18/2023 11:30:00 AM,OTHER OFFENSE
JG496918,41.86404527,-87.70925654,11/08/2023 07:12:00 PM,BATTERY
JG484206,41.96474492,-87.71484914,10/28/2023 09:47:00 AM,OTHER OFFENSE
JG498300,41.86404527,-87.70925654,11/08/2023 05:00:00 PM,MOTOR VEHICLE THEFT
JG496605,41.88572959,-87.62582133,11/08/2023 02:00:00 PM,BATTERY
JG485455,41.78898704,-87.74147999,10/28/2023 01:15:00 PM,THEFT
JG519481,41.9365806,-87.72711396,10/12/2023 12:10:00 PM,DECEPTIVE PRACTICE
JG513556,41.80761802,-87.67587596,11/21/2023 02:00:00 PM,THEFT
JG513003,41.8910671,-87.62804686,11/21/2023 04:06:00 PM,BATTERY
JG512500,41.89061174,-87.71983981,11/21/2023 05:00:00 AM,THEFT
JG513567,41.72316856,-87.61417482,11/21/2023 07:00:00 PM,CRIMINAL DAMAGE
JG512374,41.91072059,-87.73002225,11/21/2023 02:48:00 AM,ROBBERY
JG540360,41.6839944,-87.67911655,12/14/2023 04:00:00 AM,THEFT
JG513565,41.90719636,-87.72522091,11/21/2023 07:00:00 PM,CRIMINAL DAMAGE
JG516153,41.85748322,-87.62718628,11/21/2023 05:00:00 PM,MOTOR VEHICLE THEFT
JG512870,42.00186022,-87.69975509,11/21/2023 01:00:00 PM,ASSAULT
JG513103,41.96853855,-87.69797101,11/21/2023 04:05:00 PM,LIQUOR LAW VIOLATION
JG512726,41.97216969,-87.65629968,11/21/2023 11:18:00 AM,BATTERY
JG512955,41.87002813,-87.70882386,11/21/2023 03:00:00 PM,BATTERY
JG513366,41.71894641,-87.56560431,11/21/2023 11:30:00 PM,ROBBERY
JG513421,41.68612376,-87.63976079,11/21/2023 09:30:00 PM,CRIMINAL DAMAGE
JG513507,41.85914482,-87.65891018,11/21/2023 06:00:00 PM,MOTOR VEHICLE THEFT
JG513376,41.91871165,-87.76551063,11/21/2023 05:55:00 PM,NARCOTICS
JG517971,41.91185421,-87.78998093,11/12/2023 09:00:00 AM,OTHER OFFENSE
JG280933,41.89374772,-87.75678099,05/04/2023 06:34:00 PM,OFFENSE INVOLVING CHILDREN
JG496937,41.77138699,-87.65914105,11/08/2023 06:59:00 PM,BATTERY
JG496924,41.79316017,-87.67427084,11/08/2023 07:11:00 PM,WEAPONS VIOLATION
JG513058,41.70366384,-87.56445317,11/21/2023 05:29:00 PM,BATTERY
JG513178,41.96538705,-87.65833869,11/21/2023 07:23:00 PM,BATTERY
JG519420,41.99774244,-87.68913095,09/14/2023 02:00:00 PM,OTHER OFFENSE
JG497135,41.75973433,-87.60296165,11/08/2023 11:40:00 PM,WEAPONS VIOLATION
JG496579,41.89576377,-87.68555824,11/08/2023 02:00:00 PM,CRIMINAL TRESPASS
JG499017,41.77486098,-87.71775832,11/08/2023 07:15:00 PM,BATTERY
JG496898,41.96846289,-87.65967044,11/08/2023 06:00:00 PM,THEFT
JG504104,41.88364677,-87.63705581,10/26/2023 02:18:00 PM,DECEPTIVE PRACTICE
JG518441,41.8142402,-87.61672621,11/01/2023 07:00:00 AM,SEX OFFENSE
JG513642,41.79192051,-87.6223911,11/21/2023 06:00:00 PM,MOTOR VEHICLE THEFT
JG512513,41.97694728,-87.66236501,11/21/2023 01:35:00 AM,THEFT
JG513662,41.81086579,-87.60901674,11/21/2023 09:00:00 PM,CRIMINAL DAMAGE
JG513792,41.76649873,-87.62171878,11/21/2023 04:00:00 PM,BATTERY
JG513194,41.86928494,-87.6251913,11/21/2023 05:15:00 PM,MOTOR VEHICLE THEFT
JG516889,41.76924762,-87.56985463,11/21/2023 06:00:00 PM,DECEPTIVE PRACTICE
JG540378,41.92290411,-87.74626658,12/14/2023 07:29:00 AM,BATTERY
JG513112,41.74127811,-87.60068287,11/21/2023 10:00:00 AM,MOTOR VEHICLE THEFT
JG518914,41.89554875,-87.63754361,11/15/2023 12:00:00 PM,DECEPTIVE PRACTICE
JG512380,41.75051533,-87.60152699,11/21/2023 02:30:00 AM,THEFT
JG519846,41.68395019,-87.61914026,11/13/2023 03:00:00 PM,MOTOR VEHICLE THEFT
JG512940,41.72222707,-87.66269921,11/21/2023 02:54:00 PM,PUBLIC INDECENCY
JG483343,41.85406075,-87.67230622,10/28/2023 06:30:00 AM,ROBBERY
JG513887,41.92882233,-87.68778161,11/22/2023 12:00:00 AM,CRIMINAL DAMAGE
JG482723,41.71821387,-87.66393869,10/28/2023 05:00:00 PM,MOTOR VEHICLE THEFT
JG519228,41.9387473,-87.6405475,11/21/2023 02:50:00 AM,BURGLARY
JG512991,41.96542634,-87.65522754,11/21/2023 04:06:00 PM,ASSAULT
JG512914,41.87186458,-87.70690775,11/21/2023 04:45:00 AM,THEFT
JG514116,41.90854326,-87.64997765,11/21/2023 04:00:00 PM,THEFT
JG512768,41.7311183,-87.60841126,11/21/2023 10:48:00 AM,BATTERY
JG471244,41.80059845,-87.72009035,10/14/2023 11:00:00 AM,DECEPTIVE PRACTICE
JG504390,41.8629061,-87.65685888,11/02/2023 04:30:00 PM,OTHER OFFENSE
JG497125,41.88044508,-87.7256619,11/08/2023 11:13:00 PM,BATTERY
JG503195,41.90182232,-87.63307118,11/04/2023 05:00:00 PM,CRIMINAL DAMAGE
JG498667,42.00586766,-87.66366171,11/08/2023 02:00:00 PM,MOTOR VEHICLE THEFT
JG271856,41.87562563,-87.6294504,05/23/2023 12:40:00 PM,ASSAULT
JG482271,41.89001377,-87.63170539,10/28/2023 02:00:00 AM,THEFT
JG541410,41.9193772,-87.71683432,12/14/2023 10:00:00 AM,BURGLARY
JG514214,41.76574084,-87.66505407,11/21/2023 10:00:00 AM,THEFT
JG513648,41.74350386,-87.60501807,11/21/2023 06:30:00 AM,THEFT
JG391969,41.91207876,-87.75942294,08/20/2023 10:00:00 AM,SEX OFFENSE
JG519242,41.87281575,-87.70219872,11/20/2023 10:36:00 AM,THEFT
JG519409,41.90050771,-87.74666646,10/13/2023 09:00:00 AM,CRIMINAL DAMAGE
JG513282,41.87371495,-87.66658514,11/21/2023 07:00:00 PM,THEFT
JG513373,41.93004949,-87.68592073,11/21/2023 10:35:00 PM,THEFT
JG513538,41.93456692,-87.75162837,11/21/2023 07:00:00 PM,THEFT
JG513702,41.96938004,-87.68406278,11/21/2023 05:00:00 PM,THEFT
JG512825,41.8775785,-87.62928209,11/21/2023 11:40:00 AM,THEFT
JG519298,41.85093135,-87.63504697,11/17/2023 06:30:00 AM,THEFT
JG512485,41.89548175,-87.73842254,11/21/2023 07:31:00 AM,ROBBERY
JG512557,41.80620598,-87.67705678,11/21/2023 07:40:00 AM,ROBBERY
JG514304,41.92419877,-87.74937447,11/22/2023 12:00:00 AM,ASSAULT
JG513020,41.72758533,-87.65917792,11/21/2023 03:39:00 PM,BATTERY
JG513922,41.88777296,-87.67072115,11/21/2023 10:51:00 PM,THEFT
JG512958,41.70273703,-87.53597409,11/21/2023 02:32:00 PM,NARCOTICS
JG519144,41.94483366,-87.74207719,11/17/2023 10:00:00 AM,THEFT
JG519384,41.89381253,-87.62422992,11/06/2023 09:00:00 AM,OTHER OFFENSE
JG497283,41.88363883,-87.67670564,11/09/2023 12:00:00 AM,THEFT
JG496135,41.88270493,-87.75515432,11/08/2023 12:30:00 AM,MOTOR VEHICLE THEFT
JG436725,41.8756606,-87.62710004,09/24/2023 01:50:00 AM,ROBBERY
JG496699,41.9177427,-87.67836596,11/08/2023 03:15:00 AM,BURGLARY
JG496390,41.88350019,-87.6278767,11/08/2023 12:30:00 PM,THEFT
JG503042,41.75325209,-87.64653687,11/09/2023 12:00:00 AM,OTHER OFFENSE
JG496129,41.89422993,-87.61896205,11/08/2023 09:20:00 AM,ROBBERY
JG496982,41.89550508,-87.71174182,11/08/2023 04:45:00 PM,ROBBERY
JG495960,41.67382016,-87.62613003,11/08/2023 07:22:00 AM,BATTERY
JG512630,41.83373835,-87.61938926,11/21/2023 10:00:00 AM,ASSAULT
JG513570,41.70049493,-87.66934429,11/21/2023 07:00:00 PM,MOTOR VEHICLE THEFT
JG513081,41.8977314,-87.6417954,11/21/2023 06:02:00 PM,WEAPONS VIOLATION
JG540314,41.86461129,-87.71293326,12/14/2023 03:55:00 AM,BATTERY
JG519424,41.85275005,-87.6408156,11/04/2023 12:21:00 PM,DECEPTIVE PRACTICE
JG512533,41.89891487,-87.74589865,11/21/2023 03:43:00 AM,MOTOR VEHICLE THEFT
JG542241,41.72550966,-87.58540306,12/14/2023 11:00:00 PM,THEFT
JG518856,41.79642461,-87.7577898,10/17/2023 04:00:00 PM,THEFT
JG518834,41.9047102,-87.66265169,11/17/2023 01:00:00 PM,THEFT
JG513212,41.70595701,-87.64845039,11/21/2023 07:28:00 PM,ASSAULT
JG548694,41.97521935,-87.69230003,11/29/2023 11:25:00 AM,DECEPTIVE PRACTICE
JG513548,41.84491221,-87.7245816,11/21/2023 04:30:00 PM,BATTERY
JG513218,41.88042522,-87.75095928,11/21/2023 07:40:00 PM,ASSAULT
JG512337,41.85665565,-87.68412868,11/21/2023 01:31:00 AM,HOMICIDE
JG541294,41.74860388,-87.60389403,12/14/2023 07:16:00 PM,MOTOR VEHICLE THEFT
JG513318,41.65826567,-87.61513889,11/21/2023 10:54:00 PM,CRIMINAL DAMAGE
JG519776,41.87179121,-87.64380808,11/21/2023 06:05:00 PM,OTHER OFFENSE
JG513069,41.74977724,-87.64644199,11/21/2023 04:08:00 PM,BATTERY
JG503516,41.90635391,-87.63456456,11/02/2023 11:45:00 AM,THEFT
JG481723,41.81649501,-87.62586486,10/28/2023 05:15:00 AM,BATTERY
JG497231,42.0164882,-87.68332991,11/08/2023 11:00:00 PM,BATTERY
JG496420,41.721305,-87.65568676,11/08/2023 01:08:00 PM,ASSAULT
JG290071,41.87562563,-87.6294504,06/06/2023 09:02:00 AM,THEFT
JG496349,41.79341563,-87.643919,11/08/2023 12:15:00 PM,CRIMINAL DAMAGE
JG497531,41.91027347,-87.62885679,11/08/2023 02:00:00 PM,DECEPTIVE PRACTICE
JG228908,41.76630905,-87.56582068,04/18/2023 07:00:00 PM,THEFT
JG496272,41.92261631,-87.78175788,11/08/2023 06:28:00 AM,THEFT
JG493338,41.90050559,-87.69928504,09/01/2023 12:00:00 AM,DECEPTIVE PRACTICE
JG496831,41.97008868,-87.76269009,11/08/2023 05:00:00 AM,THEFT
JG513070,41.76028472,-87.61232744,11/21/2023 05:40:00 PM,BATTERY
JG513967,41.8595632,-87.66996258,11/21/2023 02:38:00 PM,INTERFERENCE WITH PUBLIC OFFICER
JG518803,41.93931514,-87.70942733,11/21/2023 07:03:00 PM,THEFT
JG540806,41.90958877,-87.74889413,12/14/2023 11:43:00 AM,THEFT
JG541458,41.96671836,-87.69683818,12/14/2023 11:18:00 PM,CRIMINAL DAMAGE
JG513272,41.73848438,-87.60326477,11/21/2023 07:30:00 AM,BURGLARY
JG512837,41.74854144,-87.66255367,11/21/2023 11:27:00 AM,BATTERY
JG513426,41.87836303,-87.694466,11/21/2023 11:00:00 PM,THEFT
JG513111,41.87917676,-87.74937328,11/21/2023 03:00:00 PM,DECEPTIVE PRACTICE
JG496817,41.68752778,-87.67264817,11/08/2023 05:30:00 PM,CRIMINAL DAMAGE
JG497118,41.88974191,-87.765198,11/08/2023 11:07:00 PM,BATTERY
JG512924,41.82309576,-87.67587907,11/21/2023 02:35:00 PM,THEFT
JG513300,41.86536841,-87.73249004,11/21/2023 08:30:00 PM,CRIMINAL DAMAGE
JG509620,41.86449368,-87.639158,11/18/2023 06:50:00 PM,ASSAULT
JG519740,41.76972642,-87.65909612,10/02/2023 10:00:00 AM,DECEPTIVE PRACTICE
JG513531,41.73103342,-87.61368045,11/21/2023 07:00:00 PM,CRIMINAL DAMAGE
JG518949,41.89169488,-87.62615583,11/21/2023 06:15:00 PM,THEFT
JG513102,41.87622261,-87.7426733,11/21/2023 05:51:00 PM,NARCOTICS
JG496253,41.69189982,-87.64236788,11/08/2023 11:04:00 AM,BATTERY
JG541834,41.9946697,-87.69466891,12/14/2023 06:00:00 PM,BURGLARY
JG512975,41.83801967,-87.64827344,11/21/2023 02:30:00 PM,OFFENSE INVOLVING CHILDREN
JG560758,41.96528242,-87.71938134,12/31/2023 11:00:00 AM,ASSAULT
JG513241,41.74677965,-87.60141918,11/21/2023 08:36:00 PM,BATTERY
JG482339,41.74911623,-87.6950455,10/28/2023 04:00:00 PM,BURGLARY
JG513130,41.88321078,-87.62990697,11/21/2023 02:00:00 PM,THEFT
JG512570,41.87588718,-87.70481223,11/21/2023 09:35:00 AM,MOTOR VEHICLE THEFT
JG482254,41.79370295,-87.69309246,10/28/2023 01:30:00 PM,BATTERY
JG465901,41.88505002,-87.64862324,10/15/2023 05:00:00 PM,THEFT
JG482939,41.77899998,-87.70119097,10/28/2023 06:30:00 PM,CRIMINAL DAMAGE
JG496915,41.77542973,-87.64075349,11/08/2023 06:55:00 PM,BATTERY
JG548255,41.68641099,-87.63012548,12/14/2023 09:00:00 AM,DECEPTIVE PRACTICE
JG514854,41.93543292,-87.66850434,11/21/2023 12:00:00 PM,CRIMINAL DAMAGE
JG541397,41.87616616,-87.72658001,12/14/2023 08:30:00 PM,BATTERY
JG519446,41.87966705,-87.63696315,11/14/2023 12:00:00 PM,THEFT
JG512829,41.86391976,-87.72266487,11/21/2023 12:55:00 PM,ROBBERY
JG513755,41.7600201,-87.57922972,11/21/2023 07:00:00 AM,MOTOR VEHICLE THEFT
JG513721,41.82454157,-87.64351914,11/21/2023 09:55:00 PM,THEFT
JG513214,41.74716718,-87.60022015,11/21/2023 08:00:00 AM,MOTOR VEHICLE THEFT
JG513505,41.86974916,-87.64010713,11/21/2023 07:10:00 PM,THEFT
JG518669,41.89695641,-87.66242429,11/18/2023 11:00:00 PM,ASSAULT
JG513146,41.76816741,-87.6590538,11/21/2023 05:26:00 PM,BATTERY
JG512347,41.76440419,-87.56290367,11/21/2023 12:00:00 AM,CRIMINAL DAMAGE
JG513834,42.00544852,-87.66614227,11/21/2023 11:30:00 PM,THEFT
JG512939,41.79161329,-87.65602485,11/21/2023 02:28:00 PM,WEAPONS VIOLATION
JG515650,41.96837062,-87.71649086,11/21/2023 12:00:00 PM,THEFT
JG514531,41.77714374,-87.76229936,11/22/2023 12:00:00 AM,MOTOR VEHICLE THEFT
JG519802,41.87358106,-87.64162621,11/18/2023 04:02:00 PM,OTHER OFFENSE
JG512749,41.89516487,-87.73711424,11/21/2023 07:50:00 AM,ROBBERY
JG513225,42.01848229,-87.67593847,11/21/2023 01:00:00 PM,DECEPTIVE PRACTICE
JG496516,41.80951902,-87.60738495,11/08/2023 01:58:00 PM,ASSAULT
JG503985,41.88569672,-87.64479335,10/30/2023 03:00:00 PM,BURGLARY
JG496620,41.69695838,-87.6614715,11/08/2023 02:23:00 PM,OFFENSE INVOLVING CHILDREN
JG497160,41.71345569,-87.64543339,11/08/2023 02:30:00 PM,BATTERY
JG482618,41.88975195,-87.63107289,10/28/2023 02:20:00 AM,THEFT
JG482248,41.85846796,-87.63024427,10/28/2023 09:30:00 AM,DECEPTIVE PRACTICE
JG500452,41.93327653,-87.64668539,11/08/2023 01:30:00 PM,THEFT
JG496351,41.70464048,-87.64033453,11/08/2023 12:15:00 PM,ROBBERY
JG496239,41.75604251,-87.61987719,11/08/2023 10:24:00 AM,OTHER OFFENSE
JG496139,41.77348038,-87.57374171,11/08/2023 09:20:00 AM,ROBBERY
JG512546,41.77980502,-87.70889343,11/21/2023 09:00:00 AM,BATTERY
JG260667,41.66962434,-87.63923153,05/14/2023 08:31:00 PM,HOMICIDE
JG512553,41.90632451,-87.72124333,11/21/2023 09:00:00 AM,THEFT
JG512901,41.93273899,-87.64811709,11/21/2023 02:00:00 PM,THEFT
JG513236,41.86291641,-87.70958323,11/21/2023 06:30:00 PM,BATTERY
JG513509,41.69940274,-87.61111111,11/21/2023 07:30:00 PM,THEFT
JG519170,41.99719331,-87.73786612,11/21/2023 10:00:00 PM,THEFT
JG512523,41.82482486,-87.61365471,11/21/2023 08:36:00 AM,BATTERY
JG512564,41.7638518,-87.56647675,11/21/2023 07:48:00 AM,BURGLARY
JG513008,41.75281274,-87.56625268,11/21/2023 03:50:00 PM,BATTERY
JG519195,41.79193981,-87.64631106,10/03/2023 11:05:00 AM,THEFT
JG541239,41.76980263,-87.66273912,12/14/2023 06:00:00 PM,THEFT
JG519412,41.96820892,-87.65336314,08/11/2023 04:00:00 PM,DECEPTIVE PRACTICE
JG516897,41.96365356,-87.65105469,11/21/2023 02:30:00 PM,DECEPTIVE PRACTICE
JG513483,41.7295261,-87.55505206,11/21/2023 07:00:00 PM,BATTERY
JG512698,41.91114869,-87.63601856,11/21/2023 10:00:00 AM,ASSAULT
JG512877,41.89338739,-87.62116045,11/21/2023 12:10:00 PM,THEFT
JG500201,41.82820321,-87.62649547,11/08/2023 05:30:00 PM,THEFT
JG541480,41.74996163,-87.63064533,12/15/2023 12:00:00 AM,OTHER OFFENSE
JG513557,41.77065162,-87.58134137,11/21/2023 06:00:00 PM,CRIMINAL DAMAGE
JG497078,41.89500278,-87.71630115,11/08/2023 09:53:00 PM,ASSAULT
JG497086,41.77414668,-87.61547898,11/08/2023 10:14:00 PM,NARCOTICS
JG481719,41.93701615,-87.74597178,10/28/2023 05:22:00 AM,ROBBERY
JG497162,41.80851343,-87.61813252,11/08/2023 12:03:00 AM,OTHER OFFENSE
JG496628,41.98924362,-87.66511973,11/08/2023 03:27:00 PM,BATTERY
JG482308,41.83941029,-87.64631363,10/28/2023 03:50:00 PM,THEFT
JG481571,41.75843286,-87.62476567,10/28/2023 12:28:00 AM,CRIMINAL DAMAGE
JG482043,41.76420262,-87.66622832,10/28/2023 11:33:00 AM,MOTOR VEHICLE THEFT
JG512389,41.84940681,-87.71371149,11/21/2023 04:05:00 AM,CRIMINAL DAMAGE
JG514346,41.89422993,-87.61896205,11/21/2023 06:00:00 PM,THEFT
JG519426,41.9484545,-87.73069955,11/22/2023 12:00:00 AM,OFFENSE INVOLVING CHILDREN
JG512658,41.81069352,-87.68392905,11/21/2023 10:24:00 AM,BATTERY
JG513230,41.88092826,-87.75875435,11/21/2023 07:45:00 PM,ROBBERY
JG512505,41.92979641,-87.70859768,11/21/2023 08:05:00 AM,CRIMINAL DAMAGE
JG513275,41.88322739,-87.73711139,11/21/2023 06:00:00 PM,CRIMINAL DAMAGE
JG513345,41.92475706,-87.70289969,11/21/2023 11:09:00 PM,THEFT
JG513364,41.95129481,-87.770166,11/21/2023 11:54:00 PM,CRIMINAL DAMAGE
JG513072,41.88814531,-87.76642042,11/21/2023 02:25:00 PM,INTERFERENCE WITH PUBLIC OFFICER
JG512458,41.88076931,-87.72211889,11/21/2023 07:00:00 AM,ROBBERY
JG513668,41.70848714,-87.62000772,11/21/2023 09:00:00 PM,BATTERY
JG512365,41.73185955,-87.55476377,11/21/2023 02:34:00 AM,BATTERY
JG519822,41.87179121,-87.64380808,11/20/2023 03:15:00 PM,OTHER OFFENSE
JG519779,41.87358106,-87.64162621,11/18/2023 03:06:00 PM,OTHER OFFENSE
JG512334,41.88036556,-87.70027369,11/21/2023 12:55:00 AM,MOTOR VEHICLE THEFT
JG512429,41.9172585,-87.68007942,11/21/2023 06:05:00 AM,ROBBERY
JG512597,41.85815065,-87.72615933,11/21/2023 08:59:00 AM,OTHER OFFENSE
JG541428,41.74020466,-87.55633747,12/14/2023 10:18:00 PM,ASSAULT
JG517667,41.85216038,-87.67685518,11/21/2023 11:00:00 PM,WEAPONS VIOLATION
JG560511,41.9224454,-87.77931947,12/31/2023 04:35:00 AM,BATTERY
JG497059,41.89054095,-87.64581743,11/08/2023 06:30:00 PM,THEFT
JG497289,41.75969892,-87.59698409,11/08/2023 06:00:00 PM,THEFT
JG495958,41.75815977,-87.56150498,11/08/2023 07:10:00 AM,CRIMINAL DAMAGE
JG482576,42.00001935,-87.81894302,10/28/2023 08:30:00 PM,CRIMINAL DAMAGE
JG483149,41.81246805,-87.59558768,10/28/2023 10:00:00 PM,MOTOR VEHICLE THEFT
JG503640,41.74365973,-87.6870454,11/07/2023 12:01:00 AM,DECEPTIVE PRACTICE
JG495859,41.99210788,-87.80684918,11/08/2023 03:15:00 AM,CRIMINAL DAMAGE
JG497719,41.90453833,-87.63294231,11/08/2023 02:30:00 PM,THEFT
JG541664,41.85639442,-87.71997974,12/14/2023 08:30:00 PM,THEFT
JG512358,41.92967853,-87.74982429,11/21/2023 02:12:00 AM,CRIMINAL DAMAGE
JG512556,41.70753502,-87.60083905,11/21/2023 09:00:00 AM,ASSAULT
JG519797,41.87179121,-87.64380808,11/21/2023 06:58:00 PM,OTHER OFFENSE
JG512968,41.80870769,-87.71240555,11/21/2023 02:08:00 PM,BATTERY
JG518920,41.86056826,-87.62726614,11/19/2023 09:15:00 AM,THEFT
JG514345,41.8695273,-87.63926876,11/21/2023 03:43:00 PM,THEFT
JG512816,41.80484718,-87.62434618,11/21/2023 12:45:00 PM,BATTERY
JG457890,41.82491442,-87.60565544,10/10/2023 04:30:00 AM,STALKING
JG513181,41.7835818,-87.70448256,11/21/2023 06:53:00 PM,ASSAULT
JG560600,41.78629171,-87.66438601,12/31/2023 07:50:00 AM,CRIMINAL DAMAGE
JG513436,41.77801575,-87.59806145,11/21/2023 10:00:00 AM,THEFT
JG513617,41.9250789,-87.73536226,11/21/2023 03:30:00 PM,CRIMINAL DAMAGE
JG540697,41.87580243,-87.75121055,12/14/2023 11:49:00 AM,NARCOTICS
JG507805,41.9217768,-87.72424838,11/11/2023 07:00:00 AM,CRIMINAL SEXUAL ASSAULT
JG513263,41.99140428,-87.65685365,11/21/2023 09:00:00 PM,THEFT
JG519396,41.94952012,-87.7675422,09/04/2023 12:00:00 PM,DECEPTIVE PRACTICE
JG514264,41.77581834,-87.64468307,11/21/2023 01:30:00 PM,ROBBERY
JG512886,41.7591308,-87.63206636,11/21/2023 01:30:00 PM,BATTERY
JG496161,41.77685509,-87.77730402,11/08/2023 09:35:00 AM,OTHER OFFENSE
JG497379,41.7582723,-87.5615073,11/08/2023 11:30:00 PM,THEFT
JG496356,41.77785311,-87.77203798,11/08/2023 11:55:00 AM,THEFT
JG496209,41.89500328,-87.62152816,11/08/2023 09:41:00 AM,BATTERY
JG483181,41.77512107,-87.7723001,10/28/2023 03:00:00 PM,CRIMINAL DAMAGE
JG504008,41.73571171,-87.6241508,10/01/2023 12:01:00 AM,BURGLARY
JG497066,41.74819993,-87.68822016,11/08/2023 09:26:00 PM,BATTERY
JG483522,41.75862636,-87.60135055,10/28/2023 02:00:00 AM,THEFT
JG496244,41.82317787,-87.66963754,11/08/2023 10:09:00 AM,CRIMINAL TRESPASS
JG496455,41.75598289,-87.65210422,11/08/2023 01:07:00 PM,OTHER OFFENSE
JG519351,41.93554694,-87.64272482,10/27/2023 04:47:00 AM,BURGLARY
JG517194,42.00356207,-87.66972342,11/21/2023 06:00:00 PM,MOTOR VEHICLE THEFT
JG540469,41.75593947,-87.65729799,12/14/2023 03:00:00 AM,MOTOR VEHICLE THEFT
JG514553,41.99600582,-87.68434034,11/22/2023 12:00:00 AM,THEFT
JG519495,41.86791029,-87.73105275,08/01/2023 12:01:00 AM,DECEPTIVE PRACTICE
JG512473,41.89707889,-87.73262264,11/21/2023 07:26:00 AM,ROBBERY
JG519263,41.78664947,-87.6327859,06/12/2023 10:00:00 AM,DECEPTIVE PRACTICE
JG515871,41.76934094,-87.56985719,11/21/2023 01:59:00 AM,CRIMINAL DAMAGE
JG513321,41.86697714,-87.62254404,11/21/2023 08:18:00 PM,CRIMINAL DAMAGE
JG512607,41.75516129,-87.58278663,11/21/2023 01:00:00 AM,CRIMINAL DAMAGE
JG513093,41.86567674,-87.71052195,11/21/2023 01:30:00 PM,BURGLARY
JG519147,41.80766215,-87.73992898,11/21/2023 12:30:00 PM,THEFT
JG494255,41.83394995,-87.65104324,11/06/2023 07:20:00 PM,ROBBERY
JG519437,41.79059102,-87.65022713,07/01/2023 07:00:00 PM,DECEPTIVE PRACTICE
JG548116,41.65328023,-87.60483881,11/19/2023 02:00:00 PM,THEFT
JG519475,41.81691816,-87.63356767,11/17/2023 12:00:00 AM,DECEPTIVE PRACTICE
JH117147,41.92955885,-87.74305248,01/16/2024 10:20:00 AM,OTHER OFFENSE
JG519717,41.89851621,-87.63724693,11/18/2023 03:00:00 AM,ASSAULT
JG513459,41.99741898,-87.70755044,11/21/2023 07:00:00 PM,BATTERY
JG514522,41.99074096,-87.67587823,11/21/2023 05:00:00 AM,OTHER OFFENSE
JG497101,41.87692357,-87.69617676,11/08/2023 10:30:00 PM,MOTOR VEHICLE THEFT
JG497090,41.99499009,-87.80225648,11/08/2023 04:57:00 PM,CRIMINAL TRESPASS
JG497137,41.84819839,-87.63555016,11/08/2023 11:00:00 PM,ROBBERY
JG382894,41.9375773,-87.74088724,08/14/2023 12:00:00 AM,MOTOR VEHICLE THEFT
JG496797,41.8807511,-87.72385598,11/08/2023 04:00:00 PM,THEFT
JG496126,41.76887018,-87.72861122,11/08/2023 01:00:00 AM,MOTOR VEHICLE THEFT
JG503016,41.79429402,-87.60137025,10/30/2023 12:00:00 AM,OTHER OFFENSE
JG497079,41.73427834,-87.56593468,11/08/2023 09:34:00 PM,WEAPONS VIOLATION
JG496744,41.99732763,-87.76434876,11/08/2023 04:41:00 PM,BATTERY
JG512644,41.90050834,-87.74679134,11/21/2023 09:53:00 AM,OFFENSE INVOLVING CHILDREN
JG519142,41.92378312,-87.77844804,11/20/2023 06:00:00 AM,THEFT
JG516880,41.855801,-87.67908277,11/14/2023 09:00:00 AM,OTHER OFFENSE
JG514074,41.88946287,-87.62422294,11/21/2023 04:30:00 PM,THEFT
JG513113,41.9810519,-87.66837572,11/21/2023 06:04:00 PM,THEFT
JG515002,41.98277841,-87.67224906,11/21/2023 08:00:00 PM,MOTOR VEHICLE THEFT
JG512540,41.8932409,-87.63034418,11/21/2023 03:45:00 AM,BURGLARY
JG513583,41.87186235,-87.6520501,11/21/2023 06:00:00 PM,MOTOR VEHICLE THEFT
JG512465,41.93278926,-87.6455109,11/21/2023 07:24:00 AM,BATTERY
JG516318,41.67712621,-87.63586743,11/21/2023 04:00:00 PM,THEFT
JG514128,41.86710219,-87.72352672,11/21/2023 10:00:00 PM,THEFT
JG513247,41.8250356,-87.60572377,11/21/2023 08:08:00 PM,ASSAULT
JG513508,41.9165207,-87.71027034,11/21/2023 05:00:00 PM,MOTOR VEHICLE THEFT
JG519786,41.69819249,-87.67125742,11/04/2023 02:00:00 PM,CRIMINAL DAMAGE
JG540319,41.86635892,-87.70980676,12/14/2023 05:30:00 AM,CRIMINAL DAMAGE
JG518186,41.79337235,-87.6499959,11/21/2023 08:34:00 PM,ASSAULT
JG518818,41.73782641,-87.60121307,10/20/2023 02:50:00 PM,THEFT
JG544909,41.75110097,-87.58004141,12/14/2023 08:00:00 PM,OTHER OFFENSE
JG513620,41.93387102,-87.70547445,11/21/2023 02:30:00 PM,MOTOR VEHICLE THEFT
JG519777,41.87358106,-87.64162621,11/19/2023 02:49:00 PM,OTHER OFFENSE
JG513299,41.9458287,-87.67004681,11/21/2023 09:10:00 PM,OTHER OFFENSE
JG513007,41.85868022,-87.66770678,11/21/2023 04:30:00 PM,CRIMINAL TRESPASS
JG513076,41.75849168,-87.56393832,11/21/2023 05:50:00 PM,ASSAULT
JG513012,41.85847903,-87.70909408,11/21/2023 04:23:00 PM,ROBBERY
JG464479,41.88468251,-87.75277516,10/15/2023 11:00:00 AM,BATTERY
JG482024,41.83313943,-87.61531921,10/28/2023 11:45:00 AM,ASSAULT
JG496871,41.70193121,-87.56512929,11/08/2023 06:33:00 PM,DECEPTIVE PRACTICE
JG495832,41.74501917,-87.6037917,11/08/2023 12:01:00 AM,THEFT
JG512382,41.77225203,-87.62994386,11/21/2023 03:00:00 AM,WEAPONS VIOLATION
JG513192,41.94932571,-87.79502621,11/21/2023 12:00:00 PM,BURGLARY
JG519099,41.95098862,-87.70182149,11/07/2023 02:00:00 PM,THEFT
JG519790,41.77776742,-87.59613951,10/07/2023 09:00:00 PM,MOTOR VEHICLE THEFT
JG518836,41.91321394,-87.67630707,11/17/2023 01:43:00 PM,THEFT
JG542128,41.93725,-87.66857368,12/15/2023 12:00:00 AM,THEFT
JG512652,41.77238569,-87.59014868,11/21/2023 10:00:00 AM,CRIMINAL DAMAGE
JG515961,41.91210356,-87.63735649,11/21/2023 06:00:00 PM,THEFT
JG513918,41.89038424,-87.62410992,11/21/2023 12:50:00 PM,THEFT
JG512620,41.75318812,-87.65703367,11/21/2023 10:03:00 AM,BATTERY
JG512753,41.81845012,-87.61587953,11/21/2023 11:28:00 AM,ROBBERY
JG513544,41.85391782,-87.6488416,11/21/2023 07:00:00 AM,OTHER OFFENSE
JG513618,41.94866396,-87.64678863,11/21/2023 09:40:00 PM,DECEPTIVE PRACTICE
JG519001,41.88173084,-87.62620329,11/09/2023 10:00:00 AM,DECEPTIVE PRACTICE
JG519084,41.91021653,-87.65355647,11/21/2023 04:35:00 PM,THEFT
JG512942,41.88195123,-87.63306051,11/21/2023 12:00:00 PM,CRIMINAL DAMAGE
JG513324,41.76434194,-87.575411,11/21/2023 10:20:00 PM,BATTERY
JG519186,41.78584811,-87.60758238,11/20/2023 07:00:00 AM,MOTOR VEHICLE THEFT
JG496826,41.91256822,-87.70458843,11/08/2023 04:00:00 PM,DECEPTIVE PRACTICE
JG496448,41.77620481,-87.72636095,11/08/2023 01:15:00 PM,BATTERY
JG496031,41.757631,-87.58570825,11/08/2023 07:00:00 AM,BATTERY
JG496089,41.84714568,-87.71730809,11/08/2023 04:25:00 AM,ROBBERY
JG496697,41.77068922,-87.58626415,11/08/2023 04:21:00 PM,NARCOTICS
JG464490,41.73483535,-87.56715542,10/15/2023 12:00:00 PM,MOTOR VEHICLE THEFT
JG482407,41.75076871,-87.54924716,10/28/2023 01:30:00 PM,CRIMINAL TRESPASS
JG394637,41.88172219,-87.62435627,07/20/2023 02:00:00 PM,SEX OFFENSE
JG486732,41.99592503,-87.67020375,10/28/2023 12:45:00 AM,THEFT
JG482656,42.01537907,-87.6702924,10/28/2023 10:00:00 PM,BATTERY
JG503362,41.99140428,-87.65685365,11/08/2023 12:00:00 AM,CRIMINAL DAMAGE
JG513116,41.80462016,-87.68436817,11/21/2023 05:53:00 PM,NARCOTICS
JG494318,41.83042611,-87.67212381,11/06/2023 07:29:00 PM,ROBBERY
JG513599,41.96564794,-87.6725218,11/21/2023 09:00:00 PM,MOTOR VEHICLE THEFT
JG519286,41.70759229,-87.53407931,11/19/2023 12:00:00 AM,THEFT
JG560487,41.89316328,-87.63606731,12/31/2023 12:30:00 AM,THEFT
JG493944,41.85841316,-87.72494547,11/06/2023 03:18:00 PM,ASSAULT
JG541011,41.8490114,-87.71980069,12/14/2023 03:48:00 PM,THEFT
JG542269,41.67873683,-87.66020779,12/14/2023 09:00:00 PM,OTHER OFFENSE
JG516315,41.90042247,-87.64253775,11/22/2023 12:00:00 AM,THEFT
JG513301,41.91693076,-87.74643156,11/21/2023 10:09:00 PM,ROBBERY
JG513564,41.76872783,-87.62494565,11/21/2023 04:00:00 PM,THEFT
JG540820,41.77396351,-87.6142749,12/14/2023 12:54:00 PM,WEAPONS VIOLATION
JG512767,41.8729702,-87.68704048,11/21/2023 11:00:00 AM,MOTOR VEHICLE THEFT
JG513716,41.88241388,-87.62437801,11/21/2023 01:40:00 PM,THEFT
JG513342,41.8033916,-87.6210613,11/21/2023 10:30:00 PM,BATTERY
JG513092,41.74409049,-87.54304411,11/21/2023 04:47:00 PM,MOTOR VEHICLE THEFT
JG512962,41.65842447,-87.55197849,11/21/2023 02:35:00 PM,OTHER OFFENSE
JG513713,41.96233686,-87.67751235,11/21/2023 01:00:00 PM,MOTOR VEHICLE THEFT
JG450902,41.90643806,-87.71021042,09/21/2023 12:00:00 PM,CRIMINAL SEXUAL ASSAULT
JG430726,41.87856067,-87.74802392,09/19/2023 12:00:00 PM,ROBBERY
JG503436,41.79910036,-87.59042688,08/01/2023 08:00:00 AM,THEFT
JG496677,41.74207026,-87.71436709,11/08/2023 07:30:00 AM,MOTOR VEHICLE THEFT
JG465018,41.73100699,-87.58043376,10/15/2023 04:00:00 PM,BATTERY
JG496330,41.81807526,-87.6116759,11/08/2023 08:30:00 AM,BATTERY
JG483403,41.9935293,-87.66829736,10/28/2023 09:00:00 PM,MOTOR VEHICLE THEFT
JG485610,41.84451575,-87.63874642,10/28/2023 12:01:00 AM,CRIMINAL DAMAGE
JG496950,41.8833302,-87.7649647,11/08/2023 06:00:00 AM,BURGLARY
JG497050,41.75255301,-87.57966895,11/08/2023 08:30:00 AM,BATTERY
JG495874,41.78429273,-87.71207652,11/08/2023 04:11:00 AM,BATTERY
JG513849,41.69766414,-87.613507,11/21/2023 01:00:00 PM,THEFT
JG542839,41.88805989,-87.75045291,12/15/2023 12:00:00 AM,ROBBERY
JG512841,41.76760247,-87.66996141,11/21/2023 12:50:00 PM,WEAPONS VIOLATION
JG513739,41.97826813,-87.78903791,11/21/2023 08:00:00 PM,OTHER OFFENSE
JG541159,41.87793809,-87.647895,12/14/2023 05:36:00 PM,ASSAULT
JG512820,41.8011413,-87.68501209,11/21/2023 12:45:00 PM,THEFT
JG548618,41.99118074,-87.69942327,11/27/2023 10:00:00 AM,DECEPTIVE PRACTICE
JG512779,41.79319394,-87.64999046,11/21/2023 12:02:00 PM,WEAPONS VIOLATION
JG512316,41.69115074,-87.5316687,11/21/2023 12:02:00 AM,CRIMINAL DAMAGE
JG512562,41.8211823,-87.60566834,11/21/2023 12:45:00 AM,MOTOR VEHICLE THEFT
JG560707,41.70922089,-87.60833138,12/31/2023 10:40:00 AM,BATTERY
JG513260,41.96944448,-87.79405523,11/21/2023 07:11:00 PM,OTHER OFFENSE
JG513073,41.73501428,-87.65453146,11/21/2023 05:45:00 PM,MOTOR VEHICLE THEFT
JG512656,41.76472337,-87.59095921,11/21/2023 10:30:00 AM,BATTERY
JG513229,41.76941777,-87.56985628,11/21/2023 08:00:00 PM,CRIMINAL TRESPASS
JG513010,41.81772634,-87.62305957,11/21/2023 04:15:00 PM,CRIMINAL DAMAGE
JG560953,41.7521905,-87.66240573,12/31/2023 02:00:00 PM,MOTOR VEHICLE THEFT
JG517494,41.887712,-87.61713965,11/21/2023 04:27:00 PM,THEFT
JG512879,41.89338739,-87.62116045,11/21/2023 12:10:00 PM,DECEPTIVE PRACTICE
JG513186,41.69369404,-87.63999436,11/21/2023 02:44:00 PM,OTHER OFFENSE
JG512802,41.86539738,-87.64066078,11/21/2023 12:24:00 PM,THEFT
JG513929,41.87012359,-87.65223378,11/21/2023 10:00:00 AM,MOTOR VEHICLE THEFT
JG513110,41.71083935,-87.62138809,11/21/2023 06:00:00 PM,BATTERY
JG496851,41.89804054,-87.62409132,11/08/2023 06:10:00 PM,THEFT
JG482615,41.99767388,-87.69306433,10/28/2023 08:45:00 PM,CRIMINAL DAMAGE
JG495811,41.69526083,-87.62199564,11/08/2023 12:33:00 AM,BATTERY
JG497117,41.86412761,-87.70925941,11/08/2023 11:15:00 PM,CRIMINAL DAMAGE
JG496362,41.88990668,-87.62410051,11/08/2023 10:50:00 AM,THEFT
JG512984,41.89671455,-87.62534014,11/21/2023 03:36:00 PM,THEFT
JG541481,41.94031827,-87.64440819,12/14/2023 11:35:00 PM,THEFT
JG513372,41.88284711,-87.76162723,11/21/2023 11:43:00 PM,BATTERY
JG541403,42.00898115,-87.70922905,12/14/2023 09:00:00 AM,DECEPTIVE PRACTICE
JG513228,41.89325966,-87.62892626,11/21/2023 08:05:00 PM,WEAPONS VIOLATION
JG512809,41.85213949,-87.7212757,11/21/2023 10:00:00 AM,MOTOR VEHICLE THEFT
JG523488,41.91789996,-87.74867868,11/30/2023 04:00:00 PM,WEAPONS VIOLATION
JG518894,41.89752479,-87.70467357,11/17/2023 01:30:00 PM,BATTERY
JG512526,41.98636781,-87.65810239,11/21/2023 08:00:00 AM,MOTOR VEHICLE THEFT
JG513006,41.70273703,-87.53597409,11/21/2023 04:25:00 PM,BATTERY
JG518794,41.90928995,-87.64725845,09/12/2023 02:26:00 PM,THEFT
JG512547,41.87885848,-87.72662064,11/21/2023 08:45:00 AM,NARCOTICS
JG513030,41.77211329,-87.63871426,11/21/2023 04:11:00 PM,WEAPONS VIOLATION
JG514131,41.74648144,-87.7059624,11/21/2023 01:24:00 PM,THEFT
JG519133,41.94517927,-87.64594749,09/19/2023 12:00:00 PM,DECEPTIVE PRACTICE
JG513519,41.9630077,-87.70874031,11/21/2023 07:00:00 PM,CRIMINAL DAMAGE
JG514501,41.88901657,-87.65019315,11/22/2023 12:00:00 AM,CRIMINAL DAMAGE
JG503569,41.86854191,-87.63923536,11/06/2023 06:00:00 AM,THEFT
JG496863,41.96740267,-87.70599471,11/08/2023 05:30:00 PM,ASSAULT
JG496389,41.75588303,-87.74157533,11/08/2023 12:30:00 PM,THEFT
JG493008,41.75336364,-87.64775242,11/05/2023 07:30:00 PM,BATTERY
JG499230,41.99815602,-87.70332723,11/08/2023 09:00:00 PM,CRIMINAL DAMAGE
JG481797,41.87607446,-87.73367859,10/28/2023 04:52:00 AM,THEFT
JG482560,41.75838274,-87.59929718,10/28/2023 08:00:00 PM,MOTOR VEHICLE THEFT
JG503232,41.88558942,-87.77405226,10/30/2023 12:00:00 PM,OTHER OFFENSE
JG482005,41.77116168,-87.58802194,10/28/2023 09:00:00 AM,BATTERY
JG482096,41.87704198,-87.72925957,10/28/2023 12:35:00 PM,ASSAULT
JG482419,41.74690058,-87.6504816,10/28/2023 05:30:00 PM,BATTERY
JG513323,41.85789072,-87.66031826,11/21/2023 10:55:00 PM,ASSAULT
JG560773,41.88712962,-87.75425506,12/31/2023 11:55:00 AM,BATTERY
JG526062,41.87683815,-87.63432072,11/30/2023 09:00:00 PM,CRIMINAL DAMAGE
JG519818,41.89189147,-87.70679291,11/21/2023 06:00:00 PM,MOTOR VEHICLE THEFT
JG512884,41.93273899,-87.64811709,11/21/2023 01:35:00 PM,DECEPTIVE PRACTICE
JG513329,41.9031259,-87.63218266,11/21/2023 10:21:00 PM,THEFT
JG513377,41.75568565,-87.63685736,11/21/2023 02:00:00 PM,MOTOR VEHICLE THEFT
JG507460,41.9217768,-87.72424838,11/17/2023 05:34:00 AM,BATTERY
JG524244,41.69141368,-87.66882625,11/30/2023 09:39:00 PM,THEFT
JG512610,41.87625554,-87.742673,11/21/2023 09:00:00 AM,THEFT
JG540512,41.88998042,-87.71469679,12/14/2023 04:45:00 AM,OTHER OFFENSE
JG512769,41.80698161,-87.74313368,11/21/2023 12:30:00 PM,CRIMINAL TRESPASS
JG527095,41.87035689,-87.62859032,11/30/2023 10:30:00 AM,MOTOR VEHICLE THEFT
JG513311,41.90630974,-87.67110258,11/21/2023 09:50:00 PM,THEFT
JG513253,41.92673884,-87.67990922,11/21/2023 09:00:00 PM,THEFT
JG561271,41.95191252,-87.67719278,12/31/2023 09:20:00 PM,LIQUOR LAW VIOLATION
JG496929,41.87939118,-87.63311417,11/08/2023 04:35:00 PM,THEFT
JG496667,41.87519639,-87.73107247,11/08/2023 11:25:00 AM,THEFT
JG465456,41.76074459,-87.6685586,10/15/2023 03:00:00 PM,CRIMINAL DAMAGE
JG482108,41.70723842,-87.5352849,10/28/2023 01:00:00 PM,THEFT
JG504241,41.80819481,-87.6993965,10/27/2023 06:30:00 AM,ROBBERY
JG501427,41.90069838,-87.63732975,11/08/2023 05:45:00 PM,ASSAULT
JG482489,41.77223902,-87.66076714,10/28/2023 06:55:00 PM,CRIMINAL DAMAGE
JG496131,41.7867998,-87.62063997,11/08/2023 08:13:00 AM,MOTOR VEHICLE THEFT
JG398437,41.9771247,-87.84153904,08/26/2023 11:00:00 AM,SEX OFFENSE
JG496488,41.72753898,-87.55948675,11/08/2023 01:50:00 PM,WEAPONS VIOLATION
JG483013,41.76335911,-87.6460369,10/28/2023 10:00:00 AM,CRIMINAL DAMAGE
JG498104,41.7064612,-87.64281991,11/08/2023 08:00:00 PM,DECEPTIVE PRACTICE
JG496632,41.87667013,-87.75402637,11/08/2023 11:30:00 AM,ASSAULT
JG513262,41.77070237,-87.56989604,11/21/2023 07:00:00 PM,BATTERY
JG513005,41.77840194,-87.69824549,11/21/2023 01:40:00 PM,ASSAULT
JG513566,41.83232006,-87.61814643,11/21/2023 06:30:00 PM,MOTOR VEHICLE THEFT
JG512478,41.85660265,-87.65547904,11/21/2023 07:20:00 AM,THEFT
JG513284,41.69305551,-87.52581973,11/21/2023 07:20:00 PM,THEFT
JG512874,41.71659935,-87.68193597,11/21/2023 01:00:00 PM,MOTOR VEHICLE THEFT
JG518828,41.8968274,-87.6624183,11/17/2023 04:00:00 PM,THEFT
JG513999,41.88108866,-87.72076449,11/21/2023 09:30:00 PM,BATTERY
JG512842,41.75183954,-87.64528759,11/21/2023 12:00:00 PM,BATTERY
JG519713,41.74814988,-87.56210862,11/13/2023 12:00:00 PM,THEFT
JG510474,41.88058694,-87.70611017,11/19/2023 01:30:00 PM,BATTERY
JG514031,41.7223626,-87.58382047,11/21/2023 01:30:00 PM,THEFT
JG514824,41.82029639,-87.61271121,11/21/2023 09:23:00 AM,OTHER OFFENSE
JG524004,41.90738491,-87.67434266,11/30/2023 11:35:00 PM,BURGLARY
JG513141,41.88322493,-87.7371665,11/21/2023 05:50:00 AM,BATTERY
JG513203,41.87981146,-87.72158455,11/21/2023 07:57:00 PM,BATTERY
JG512489,41.88560791,-87.77277777,11/21/2023 07:00:00 AM,ASSAULT
JG513504,41.78429506,-87.7119995,11/21/2023 06:20:00 PM,THEFT
JG523638,41.88350019,-87.6278767,11/30/2023 12:00:00 PM,THEFT
JG540472,41.85410066,-87.66923352,12/14/2023 02:00:00 AM,BATTERY
JG496966,41.89498106,-87.74886939,11/08/2023 07:57:00 PM,OFFENSE INVOLVING CHILDREN
JG504201,41.73731513,-87.55677533,11/04/2023 12:00:00 AM,MOTOR VEHICLE THEFT
JG482643,41.73692204,-87.55141977,11/08/2023 04:21:00 PM,HOMICIDE
JG496387,41.98391491,-87.69068274,11/08/2023 12:53:00 PM,ASSAULT
JG504133,41.91607788,-87.70204821,09/29/2023 05:00:00 PM,THEFT
JG496643,41.86643128,-87.61245767,11/08/2023 03:36:00 PM,NARCOTICS
JG498149,41.96138761,-87.65488798,11/08/2023 10:00:00 PM,BATTERY
JG503782,41.73315779,-87.54994499,07/27/2023 10:00:00 AM,THEFT
JG496910,41.69696038,-87.65993725,11/08/2023 06:24:00 PM,NARCOTICS
JG513199,41.825005,-87.66669819,11/21/2023 07:00:00 PM,BATTERY
JG513079,41.6959821,-87.59665314,11/21/2023 02:00:00 PM,THEFT
JG513304,41.78924966,-87.62184124,11/21/2023 09:45:00 PM,CRIMINAL DAMAGE
JG512464,41.88723726,-87.75601322,11/21/2023 07:05:00 AM,ROBBERY
JG512447,41.78639772,-87.69408916,11/21/2023 06:10:00 AM,ROBBERY
JG513254,41.87418063,-87.66785807,11/21/2023 06:53:00 AM,OTHER OFFENSE
JG512328,41.73932077,-87.60489679,11/21/2023 12:04:00 AM,OTHER OFFENSE
JG513686,41.92517443,-87.66650894,11/21/2023 06:00:00 PM,THEFT
JG512757,41.87286605,-87.69738832,11/21/2023 11:56:00 AM,BATTERY
JG513048,41.70597622,-87.64523481,11/21/2023 05:04:00 PM,CRIMINAL DAMAGE
JG524937,41.84135048,-87.62686091,11/30/2023 07:30:00 AM,MOTOR VEHICLE THEFT
JG513248,41.86928701,-87.66491658,11/21/2023 07:45:00 PM,MOTOR VEHICLE THEFT
JG512782,41.88457434,-87.73491015,11/21/2023 11:30:00 AM,BATTERY
JG516742,41.80206597,-87.58647193,11/21/2023 09:00:00 AM,MOTOR VEHICLE THEFT
JG465440,41.94322667,-87.74389681,10/15/2023 09:00:00 PM,THEFT
JG498051,41.8922136,-87.68038243,11/08/2023 08:30:00 PM,CRIMINAL DAMAGE
JG495972,41.89398538,-87.75930213,11/08/2023 07:30:00 AM,THEFT
JG497020,41.71850516,-87.64313054,11/08/2023 08:55:00 PM,CRIMINAL DAMAGE
JG484085,41.9449735,-87.65472019,10/28/2023 11:52:00 AM,THEFT
JG481551,42.01849825,-87.67298323,10/28/2023 12:07:00 AM,CRIMINAL DAMAGE
JG485011,41.87655804,-87.76288399,10/28/2023 10:23:00 PM,KIDNAPPING
JG496815,41.76228147,-87.69174084,11/08/2023 04:00:00 PM,ASSAULT
JG496310,41.95259911,-87.76698191,11/08/2023 10:58:00 AM,PROSTITUTION
JG496285,41.89721457,-87.72399699,11/08/2023 11:26:00 AM,OTHER OFFENSE
JG491019,41.87291056,-87.63062942,11/03/2023 07:30:00 PM,THEFT
JG496936,41.88350019,-87.6278767,11/08/2023 07:00:00 PM,THEFT
JG498589,41.94722142,-87.65571826,11/08/2023 11:12:00 AM,THEFT
JG499248,41.73341303,-87.66178051,11/08/2023 08:37:00 PM,DECEPTIVE PRACTICE
JG497035,41.81401783,-87.60666652,11/08/2023 09:06:00 PM,MOTOR VEHICLE THEFT
JG426676,41.86221827,-87.63908716,09/16/2023 12:00:00 PM,CRIMINAL SEXUAL ASSAULT
JG512787,41.91485421,-87.68437323,11/21/2023 11:00:00 AM,CRIMINAL DAMAGE
JG518938,41.93284597,-87.64261431,11/12/2023 09:44:00 AM,THEFT
JG512521,41.88555738,-87.65364901,11/21/2023 07:43:00 AM,THEFT
JG517596,41.84509411,-87.72993087,11/25/2023 10:00:00 PM,BATTERY
JG513145,41.89266778,-87.61621016,11/21/2023 12:00:00 PM,OTHER OFFENSE
JG519087,41.99150862,-87.65826141,11/21/2023 07:00:00 PM,THEFT
JG513388,41.89324221,-87.67309972,11/21/2023 10:58:00 PM,THEFT
JG512785,41.75127045,-87.58582237,11/21/2023 11:30:00 AM,CRIMINAL TRESPASS
JG513848,41.74762313,-87.54674959,11/21/2023 07:15:00 PM,WEAPONS VIOLATION
JG512910,41.88449358,-87.62698074,11/21/2023 02:10:00 PM,THEFT
JG513594,41.82106788,-87.61847711,11/21/2023 10:30:00 PM,MOTOR VEHICLE THEFT
JG545924,41.95325988,-87.76022638,12/14/2023 03:30:00 AM,MOTOR VEHICLE THEFT
JG513523,41.77504897,-87.67975013,11/21/2023 09:30:00 PM,THEFT
JG513521,41.92129676,-87.73157246,11/21/2023 05:30:00 PM,THEFT
JH110415,41.78742159,-87.69118222,01/09/2024 07:26:00 PM,ASSAULT
JG497100,41.99499009,-87.80225648,11/08/2023 01:20:00 PM,ASSAULT
JG497691,41.80182031,-87.59346158,11/08/2023 11:00:00 PM,BATTERY
JG497314,41.7929441,-87.66820765,11/08/2023 07:00:00 PM,THEFT
JG496997,41.82625551,-87.67272074,11/08/2023 08:20:00 PM,CRIMINAL TRESPASS
JG482360,41.73775077,-87.60485591,10/28/2023 04:37:00 PM,ROBBERY
JG496799,41.83404223,-87.67436899,11/08/2023 05:00:00 PM,THEFT
JG496152,41.8405296,-87.6942663,11/08/2023 09:30:00 AM,NARCOTICS
JG496107,41.72191837,-87.58513701,11/08/2023 09:16:00 AM,DECEPTIVE PRACTICE
JG482019,41.85148977,-87.72865584,10/28/2023 05:00:00 AM,CRIMINAL DAMAGE
JG504277,41.87321963,-87.67586867,10/28/2023 04:30:00 PM,THEFT
JG496984,42.01158381,-87.66460629,11/08/2023 08:04:00 PM,OTHER OFFENSE
JG496689,41.78612059,-87.65952205,11/08/2023 03:48:00 PM,ASSAULT
JG512647,41.71009272,-87.61870813,11/21/2023 07:00:00 AM,THEFT
JG523720,41.7799566,-87.60592196,11/30/2023 05:45:00 PM,THEFT
JG513333,41.91835332,-87.63664191,11/21/2023 11:00:00 PM,BATTERY
JG513988,41.80420678,-87.66728427,11/21/2023 03:00:00 AM,MOTOR VEHICLE THEFT
JG523903,41.82444395,-87.70293816,11/30/2023 07:30:00 PM,MOTOR VEHICLE THEFT
JG519205,42.01754854,-87.66819067,11/15/2023 03:00:00 PM,THEFT
JG513398,41.86873148,-87.63249255,11/21/2023 09:50:00 PM,ASSAULT
JG512504,41.93425839,-87.74761785,11/21/2023 07:43:00 AM,BATTERY
JG512359,41.82636322,-87.63299886,11/21/2023 01:38:00 AM,ASSAULT
JG519213,42.0171037,-87.66908954,08/01/2023 12:00:00 AM,DECEPTIVE PRACTICE
JG524603,41.95770147,-87.73259777,11/30/2023 08:30:00 PM,THEFT
JG513264,41.97467824,-87.65496392,11/21/2023 09:00:00 PM,MOTOR VEHICLE THEFT
JG513026,41.74845823,-87.60515996,11/21/2023 04:13:00 PM,MOTOR VEHICLE THEFT
JG523281,41.79751427,-87.62253832,11/30/2023 10:42:00 AM,ASSAULT
JG496098,42.01939924,-87.67504949,11/08/2023 08:50:00 AM,BATTERY
JG466390,41.91082761,-87.74589965,10/16/2023 08:14:00 PM,WEAPONS VIOLATION
JG482001,41.87351066,-87.72055414,10/28/2023 01:50:00 AM,ROBBERY
JG444480,41.87271494,-87.71138623,09/30/2023 01:50:00 AM,BATTERY
JG481991,41.71845745,-87.67955466,10/28/2023 10:20:00 AM,BATTERY
JG496688,41.68821818,-87.53735791,11/08/2023 03:30:00 PM,BATTERY
JG481676,41.70206277,-87.53649142,10/28/2023 02:48:00 AM,CRIMINAL DAMAGE
JG498929,41.6566594,-87.61412845,11/08/2023 11:40:00 PM,CRIMINAL DAMAGE
JG497142,41.88175099,-87.64900732,11/08/2023 11:25:00 PM,THEFT
JG503997,41.93344528,-87.77725807,11/07/2023 02:00:00 PM,CRIMINAL DAMAGE
JG496231,41.87287164,-87.69691095,11/08/2023 06:00:00 AM,CRIMINAL SEXUAL ASSAULT
JG504456,41.77893089,-87.76908819,08/20/2023 08:30:00 PM,ASSAULT
JG364910,41.94576613,-87.77711058,08/01/2023 12:54:00 PM,BATTERY
JG495921,41.87707232,-87.72668527,11/08/2023 01:00:00 AM,MOTOR VEHICLE THEFT
JG496073,41.67025979,-87.62241736,11/08/2023 08:45:00 AM,ASSAULT
JG512899,41.79621616,-87.72324567,11/21/2023 01:30:00 PM,THEFT
JG523382,41.89216428,-87.60770229,11/30/2023 11:28:00 AM,THEFT
JG518957,41.68224047,-87.67044353,11/04/2023 12:00:00 AM,CRIMINAL TRESPASS
JG513222,41.93722767,-87.64430547,11/21/2023 06:50:00 PM,THEFT
JG516098,41.9005004,-87.6377176,11/21/2023 07:45:00 PM,THEFT
JG513095,41.74886151,-87.59056299,11/21/2023 06:10:00 PM,ASSAULT
JG513138,41.79652031,-87.75717283,11/21/2023 02:10:00 PM,BATTERY
JG513926,41.86342253,-87.65647899,11/21/2023 08:00:00 PM,THEFT
JG513011,41.85991353,-87.72377123,11/21/2023 04:20:00 PM,ASSAULT
JG512617,41.77834098,-87.70312224,11/21/2023 10:01:00 AM,THEFT
JG512363,41.91175405,-87.72202911,11/21/2023 02:13:00 AM,ROBBERY
JG513224,41.8960093,-87.72856664,11/21/2023 07:41:00 PM,NARCOTICS
JG513062,41.89668507,-87.62768386,11/21/2023 04:29:00 PM,PUBLIC PEACE VIOLATION
JG512918,41.69176257,-87.68425528,11/21/2023 02:30:00 PM,BATTERY
JG512392,41.89500328,-87.62152816,11/21/2023 03:49:00 AM,BATTERY
JG513273,41.91474041,-87.70386169,11/21/2023 08:00:00 PM,MOTOR VEHICLE THEFT
JG513065,41.68397774,-87.61519349,11/21/2023 04:40:00 PM,CRIMINAL DAMAGE
JG513970,41.84595776,-87.65502989,11/21/2023 03:30:00 PM,THEFT
JG513326,41.99089338,-87.70305308,11/21/2023 10:45:00 PM,OTHER OFFENSE
JG513221,41.84436109,-87.71644298,11/21/2023 08:01:00 PM,THEFT
JG512896,41.75065696,-87.60394775,11/21/2023 01:50:00 PM,BATTERY
JG405873,41.87766908,-87.62928477,08/31/2023 06:45:00 PM,BATTERY
JG501119,41.75433146,-87.63439085,11/08/2023 10:00:00 AM,THEFT
JG497103,41.89536391,-87.72639099,11/08/2023 06:30:00 PM,BATTERY
JG496289,41.7208547,-87.64319698,11/08/2023 11:08:00 AM,ASSAULT
JG483100,41.79715508,-87.67318105,10/28/2023 01:40:00 AM,ROBBERY
JG496451,41.93901292,-87.76651407,11/08/2023 04:48:00 AM,ROBBERY
JG495830,41.96172727,-87.70092496,11/08/2023 01:00:00 AM,BURGLARY
JG497132,41.78735056,-87.62627706,11/08/2023 11:20:00 PM,BATTERY
JG512488,41.89605885,-87.71877393,11/21/2023 07:30:00 AM,NARCOTICS
JG519053,41.90543127,-87.64812999,07/09/2023 07:00:00 AM,THEFT
JG513287,41.92720153,-87.71083155,11/21/2023 09:18:00 PM,MOTOR VEHICLE THEFT
JG512335,41.99100508,-87.69941766,11/21/2023 12:49:00 AM,BATTERY
JG523877,41.90326365,-87.70680296,11/30/2023 09:35:00 PM,WEAPONS VIOLATION
JG512834,41.79359029,-87.69950009,11/21/2023 10:00:00 AM,THEFT
JG513114,41.73539656,-87.64727671,11/21/2023 12:01:00 AM,BURGLARY
JG512599,41.8906649,-87.72105864,11/21/2023 08:00:00 AM,ASSAULT
JG519372,41.88803382,-87.76329974,11/17/2023 04:30:00 PM,ROBBERY
JG513706,41.96335228,-87.73321388,11/21/2023 02:00:00 PM,THEFT
JG512453,41.73690422,-87.58627478,11/21/2023 06:45:00 AM,ROBBERY
JG512808,41.92996883,-87.7722793,11/21/2023 11:30:00 AM,CRIMINAL DAMAGE
JG518917,41.99498787,-87.68242673,11/10/2023 02:47:00 PM,THEFT
JG512336,41.75688961,-87.6490563,11/21/2023 01:08:00 AM,BATTERY
JG512982,41.85367661,-87.62223984,11/21/2023 03:15:00 PM,ASSAULT
JG518804,41.91085767,-87.65199563,11/15/2023 07:29:00 PM,THEFT
JG516828,41.86000555,-87.71889534,11/21/2023 05:00:00 PM,THEFT
JG522754,41.85395381,-87.62224411,11/30/2023 06:30:00 AM,CRIMINAL DAMAGE
JG542099,41.72709677,-87.6030347,12/14/2023 07:30:00 PM,THEFT
JG497501,41.77348038,-87.57374171,11/08/2023 08:00:00 PM,MOTOR VEHICLE THEFT
JG481864,41.6797593,-87.63021987,10/28/2023 09:15:00 AM,BATTERY
JG464976,41.88437529,-87.75117681,10/15/2023 10:45:00 AM,CRIMINAL DAMAGE
JG497023,41.97247129,-87.65161885,11/08/2023 01:40:00 PM,ASSAULT
JG497310,41.83258275,-87.64588762,11/08/2023 11:00:00 PM,MOTOR VEHICLE THEFT
JG481577,41.67534678,-87.61871194,10/28/2023 12:40:00 AM,ASSAULT
JG485353,41.9621694,-87.6984939,10/28/2023 03:00:00 AM,THEFT
JG497013,41.77348517,-87.57322109,11/08/2023 07:30:00 PM,BATTERY
JG496049,41.77524702,-87.66410119,11/08/2023 08:37:00 AM,OTHER OFFENSE
JG512493,41.7579242,-87.59199417,11/21/2023 03:00:00 AM,MOTOR VEHICLE THEFT
JG513119,41.79198094,-87.68697094,11/21/2023 06:30:00 PM,OTHER OFFENSE
JG513132,41.77740109,-87.75232492,11/21/2023 03:00:00 PM,CRIMINAL DAMAGE
JG514559,41.73338595,-87.65205362,11/21/2023 06:51:00 PM,OTHER OFFENSE
JG513637,41.97961649,-87.68319381,11/21/2023 04:30:00 PM,MOTOR VEHICLE THEFT
JG525588,41.72430299,-87.64572432,11/30/2023 04:50:00 PM,THEFT
